<?xml version="1.0" encoding="UTF-8" standalone="yes"?>
<template encoding-version="1.3">
    <description></description>
    <groupId>01711016-9ff3-138d-cf3d-bafcd2a0905a</groupId>
    <name>ExtraxtText/ReplaceText</name>
    <snippet>
        <connections>
            <id>4c37f20b-ac1a-3a59-0000-000000000000</id>
            <parentGroupId>fe5f913a-aa72-3e82-0000-000000000000</parentGroupId>
            <backPressureDataSizeThreshold>1 GB</backPressureDataSizeThreshold>
            <backPressureObjectThreshold>10000</backPressureObjectThreshold>
            <destination>
                <groupId>fe5f913a-aa72-3e82-0000-000000000000</groupId>
                <id>2fcbb4dc-99b4-3818-0000-000000000000</id>
                <type>PROCESSOR</type>
            </destination>
            <flowFileExpiration>0 sec</flowFileExpiration>
            <labelIndex>1</labelIndex>
            <loadBalanceCompression>DO_NOT_COMPRESS</loadBalanceCompression>
            <loadBalancePartitionAttribute></loadBalancePartitionAttribute>
            <loadBalanceStatus>LOAD_BALANCE_NOT_CONFIGURED</loadBalanceStatus>
            <loadBalanceStrategy>DO_NOT_LOAD_BALANCE</loadBalanceStrategy>
            <name></name>
            <selectedRelationships>success</selectedRelationships>
            <source>
                <groupId>fe5f913a-aa72-3e82-0000-000000000000</groupId>
                <id>2fe0ac78-5545-3653-0000-000000000000</id>
                <type>PROCESSOR</type>
            </source>
            <zIndex>0</zIndex>
        </connections>
        <connections>
            <id>5aa8e381-dbeb-330b-0000-000000000000</id>
            <parentGroupId>fe5f913a-aa72-3e82-0000-000000000000</parentGroupId>
            <backPressureDataSizeThreshold>1 GB</backPressureDataSizeThreshold>
            <backPressureObjectThreshold>10000</backPressureObjectThreshold>
            <destination>
                <groupId>fe5f913a-aa72-3e82-0000-000000000000</groupId>
                <id>442710dd-3bc4-3cc4-0000-000000000000</id>
                <type>PROCESSOR</type>
            </destination>
            <flowFileExpiration>0 sec</flowFileExpiration>
            <labelIndex>1</labelIndex>
            <loadBalanceCompression>DO_NOT_COMPRESS</loadBalanceCompression>
            <loadBalancePartitionAttribute></loadBalancePartitionAttribute>
            <loadBalanceStatus>LOAD_BALANCE_NOT_CONFIGURED</loadBalanceStatus>
            <loadBalanceStrategy>DO_NOT_LOAD_BALANCE</loadBalanceStrategy>
            <name></name>
            <selectedRelationships>matched</selectedRelationships>
            <source>
                <groupId>fe5f913a-aa72-3e82-0000-000000000000</groupId>
                <id>c85d918f-69e0-3b6f-0000-000000000000</id>
                <type>PROCESSOR</type>
            </source>
            <zIndex>0</zIndex>
        </connections>
        <connections>
            <id>6e6e87c2-a41f-366b-0000-000000000000</id>
            <parentGroupId>fe5f913a-aa72-3e82-0000-000000000000</parentGroupId>
            <backPressureDataSizeThreshold>1 GB</backPressureDataSizeThreshold>
            <backPressureObjectThreshold>10000</backPressureObjectThreshold>
            <destination>
                <groupId>fe5f913a-aa72-3e82-0000-000000000000</groupId>
                <id>88c502e5-74f5-3426-0000-000000000000</id>
                <type>PROCESSOR</type>
            </destination>
            <flowFileExpiration>0 sec</flowFileExpiration>
            <labelIndex>1</labelIndex>
            <loadBalanceCompression>DO_NOT_COMPRESS</loadBalanceCompression>
            <loadBalancePartitionAttribute></loadBalancePartitionAttribute>
            <loadBalanceStatus>LOAD_BALANCE_NOT_CONFIGURED</loadBalanceStatus>
            <loadBalanceStrategy>DO_NOT_LOAD_BALANCE</loadBalanceStrategy>
            <name></name>
            <selectedRelationships>failure</selectedRelationships>
            <source>
                <groupId>fe5f913a-aa72-3e82-0000-000000000000</groupId>
                <id>bb5432aa-a801-3b5d-0000-000000000000</id>
                <type>PROCESSOR</type>
            </source>
            <zIndex>0</zIndex>
        </connections>
        <connections>
            <id>97e02901-3fa5-327d-0000-000000000000</id>
            <parentGroupId>fe5f913a-aa72-3e82-0000-000000000000</parentGroupId>
            <backPressureDataSizeThreshold>1 GB</backPressureDataSizeThreshold>
            <backPressureObjectThreshold>10000</backPressureObjectThreshold>
            <destination>
                <groupId>fe5f913a-aa72-3e82-0000-000000000000</groupId>
                <id>c85d918f-69e0-3b6f-0000-000000000000</id>
                <type>PROCESSOR</type>
            </destination>
            <flowFileExpiration>0 sec</flowFileExpiration>
            <labelIndex>1</labelIndex>
            <loadBalanceCompression>DO_NOT_COMPRESS</loadBalanceCompression>
            <loadBalancePartitionAttribute></loadBalancePartitionAttribute>
            <loadBalanceStatus>LOAD_BALANCE_NOT_CONFIGURED</loadBalanceStatus>
            <loadBalanceStrategy>DO_NOT_LOAD_BALANCE</loadBalanceStrategy>
            <name></name>
            <selectedRelationships>success</selectedRelationships>
            <source>
                <groupId>fe5f913a-aa72-3e82-0000-000000000000</groupId>
                <id>2fcbb4dc-99b4-3818-0000-000000000000</id>
                <type>PROCESSOR</type>
            </source>
            <zIndex>0</zIndex>
        </connections>
        <connections>
            <id>b60a009f-4d2d-3dc4-0000-000000000000</id>
            <parentGroupId>fe5f913a-aa72-3e82-0000-000000000000</parentGroupId>
            <backPressureDataSizeThreshold>1 GB</backPressureDataSizeThreshold>
            <backPressureObjectThreshold>10000</backPressureObjectThreshold>
            <destination>
                <groupId>fe5f913a-aa72-3e82-0000-000000000000</groupId>
                <id>bb5432aa-a801-3b5d-0000-000000000000</id>
                <type>PROCESSOR</type>
            </destination>
            <flowFileExpiration>0 sec</flowFileExpiration>
            <labelIndex>1</labelIndex>
            <loadBalanceCompression>DO_NOT_COMPRESS</loadBalanceCompression>
            <loadBalancePartitionAttribute></loadBalancePartitionAttribute>
            <loadBalanceStatus>LOAD_BALANCE_NOT_CONFIGURED</loadBalanceStatus>
            <loadBalanceStrategy>DO_NOT_LOAD_BALANCE</loadBalanceStrategy>
            <name></name>
            <selectedRelationships>success</selectedRelationships>
            <source>
                <groupId>fe5f913a-aa72-3e82-0000-000000000000</groupId>
                <id>442710dd-3bc4-3cc4-0000-000000000000</id>
                <type>PROCESSOR</type>
            </source>
            <zIndex>0</zIndex>
        </connections>
        <connections>
            <id>c7cd1f31-ff2c-3336-0000-000000000000</id>
            <parentGroupId>fe5f913a-aa72-3e82-0000-000000000000</parentGroupId>
            <backPressureDataSizeThreshold>1 GB</backPressureDataSizeThreshold>
            <backPressureObjectThreshold>10000</backPressureObjectThreshold>
            <destination>
                <groupId>fe5f913a-aa72-3e82-0000-000000000000</groupId>
                <id>88c502e5-74f5-3426-0000-000000000000</id>
                <type>PROCESSOR</type>
            </destination>
            <flowFileExpiration>0 sec</flowFileExpiration>
            <labelIndex>1</labelIndex>
            <loadBalanceCompression>DO_NOT_COMPRESS</loadBalanceCompression>
            <loadBalancePartitionAttribute></loadBalancePartitionAttribute>
            <loadBalanceStatus>LOAD_BALANCE_NOT_CONFIGURED</loadBalanceStatus>
            <loadBalanceStrategy>DO_NOT_LOAD_BALANCE</loadBalanceStrategy>
            <name></name>
            <selectedRelationships>unmatched</selectedRelationships>
            <source>
                <groupId>fe5f913a-aa72-3e82-0000-000000000000</groupId>
                <id>c85d918f-69e0-3b6f-0000-000000000000</id>
                <type>PROCESSOR</type>
            </source>
            <zIndex>0</zIndex>
        </connections>
        <connections>
            <id>d415a04c-c795-343f-0000-000000000000</id>
            <parentGroupId>fe5f913a-aa72-3e82-0000-000000000000</parentGroupId>
            <backPressureDataSizeThreshold>1 GB</backPressureDataSizeThreshold>
            <backPressureObjectThreshold>10000</backPressureObjectThreshold>
            <destination>
                <groupId>fe5f913a-aa72-3e82-0000-000000000000</groupId>
                <id>88c502e5-74f5-3426-0000-000000000000</id>
                <type>PROCESSOR</type>
            </destination>
            <flowFileExpiration>0 sec</flowFileExpiration>
            <labelIndex>1</labelIndex>
            <loadBalanceCompression>DO_NOT_COMPRESS</loadBalanceCompression>
            <loadBalancePartitionAttribute></loadBalancePartitionAttribute>
            <loadBalanceStatus>LOAD_BALANCE_NOT_CONFIGURED</loadBalanceStatus>
            <loadBalanceStrategy>DO_NOT_LOAD_BALANCE</loadBalanceStrategy>
            <name></name>
            <selectedRelationships>failure</selectedRelationships>
            <source>
                <groupId>fe5f913a-aa72-3e82-0000-000000000000</groupId>
                <id>442710dd-3bc4-3cc4-0000-000000000000</id>
                <type>PROCESSOR</type>
            </source>
            <zIndex>0</zIndex>
        </connections>
        <outputPorts>
            <id>a211e158-58b6-3b8d-0000-000000000000</id>
            <parentGroupId>fe5f913a-aa72-3e82-0000-000000000000</parentGroupId>
            <position>
                <x>0.0</x>
                <y>640.0</y>
            </position>
            <comments></comments>
            <concurrentlySchedulableTaskCount>1</concurrentlySchedulableTaskCount>
            <name>Output</name>
            <state>STOPPED</state>
            <type>OUTPUT_PORT</type>
            <validationErrors>'Port 'Output'' is invalid because Port has no incoming connections</validationErrors>
        </outputPorts>
        <processors>
            <id>2fcbb4dc-99b4-3818-0000-000000000000</id>
            <parentGroupId>fe5f913a-aa72-3e82-0000-000000000000</parentGroupId>
            <position>
                <x>1456.0</x>
                <y>0.0</y>
            </position>
            <bundle>
                <artifact>nifi-standard-nar</artifact>
                <group>org.apache.nifi</group>
                <version>1.11.4</version>
            </bundle>
            <config>
                <bulletinLevel>WARN</bulletinLevel>
                <comments></comments>
                <concurrentlySchedulableTaskCount>1</concurrentlySchedulableTaskCount>
                <descriptors>
                    <entry>
                        <key>Regular Expression</key>
                        <value>
                            <name>Regular Expression</name>
                        </value>
                    </entry>
                    <entry>
                        <key>Replacement Value</key>
                        <value>
                            <name>Replacement Value</name>
                        </value>
                    </entry>
                    <entry>
                        <key>Character Set</key>
                        <value>
                            <name>Character Set</name>
                        </value>
                    </entry>
                    <entry>
                        <key>Maximum Buffer Size</key>
                        <value>
                            <name>Maximum Buffer Size</name>
                        </value>
                    </entry>
                    <entry>
                        <key>Replacement Strategy</key>
                        <value>
                            <name>Replacement Strategy</name>
                        </value>
                    </entry>
                    <entry>
                        <key>Evaluation Mode</key>
                        <value>
                            <name>Evaluation Mode</name>
                        </value>
                    </entry>
                    <entry>
                        <key>Line-by-Line Evaluation Mode</key>
                        <value>
                            <name>Line-by-Line Evaluation Mode</name>
                        </value>
                    </entry>
                </descriptors>
                <executionNode>ALL</executionNode>
                <lossTolerant>false</lossTolerant>
                <penaltyDuration>30 sec</penaltyDuration>
                <properties>
                    <entry>
                        <key>Regular Expression</key>
                        <value>(?s)(^.*$)</value>
                    </entry>
                    <entry>
                        <key>Replacement Value</key>
                        <value>a,b,c,d</value>
                    </entry>
                    <entry>
                        <key>Character Set</key>
                        <value>UTF-8</value>
                    </entry>
                    <entry>
                        <key>Maximum Buffer Size</key>
                        <value>1 MB</value>
                    </entry>
                    <entry>
                        <key>Replacement Strategy</key>
                        <value>Always Replace</value>
                    </entry>
                    <entry>
                        <key>Evaluation Mode</key>
                        <value>Entire text</value>
                    </entry>
                    <entry>
                        <key>Line-by-Line Evaluation Mode</key>
                        <value>All</value>
                    </entry>
                </properties>
                <runDurationMillis>0</runDurationMillis>
                <schedulingPeriod>0 sec</schedulingPeriod>
                <schedulingStrategy>TIMER_DRIVEN</schedulingStrategy>
                <yieldDuration>1 sec</yieldDuration>
            </config>
            <executionNodeRestricted>false</executionNodeRestricted>
            <name>ReplaceText</name>
            <relationships>
                <autoTerminate>true</autoTerminate>
                <name>failure</name>
            </relationships>
            <relationships>
                <autoTerminate>false</autoTerminate>
                <name>success</name>
            </relationships>
            <state>STOPPED</state>
            <style/>
            <type>org.apache.nifi.processors.standard.ReplaceText</type>
        </processors>
        <processors>
            <id>2fe0ac78-5545-3653-0000-000000000000</id>
            <parentGroupId>fe5f913a-aa72-3e82-0000-000000000000</parentGroupId>
            <position>
                <x>800.0</x>
                <y>8.0</y>
            </position>
            <bundle>
                <artifact>nifi-standard-nar</artifact>
                <group>org.apache.nifi</group>
                <version>1.11.4</version>
            </bundle>
            <config>
                <bulletinLevel>WARN</bulletinLevel>
                <comments></comments>
                <concurrentlySchedulableTaskCount>1</concurrentlySchedulableTaskCount>
                <descriptors>
                    <entry>
                        <key>File Size</key>
                        <value>
                            <name>File Size</name>
                        </value>
                    </entry>
                    <entry>
                        <key>Batch Size</key>
                        <value>
                            <name>Batch Size</name>
                        </value>
                    </entry>
                    <entry>
                        <key>Data Format</key>
                        <value>
                            <name>Data Format</name>
                        </value>
                    </entry>
                    <entry>
                        <key>Unique FlowFiles</key>
                        <value>
                            <name>Unique FlowFiles</name>
                        </value>
                    </entry>
                    <entry>
                        <key>generate-ff-custom-text</key>
                        <value>
                            <name>generate-ff-custom-text</name>
                        </value>
                    </entry>
                    <entry>
                        <key>character-set</key>
                        <value>
                            <name>character-set</name>
                        </value>
                    </entry>
                </descriptors>
                <executionNode>ALL</executionNode>
                <lossTolerant>false</lossTolerant>
                <penaltyDuration>30 sec</penaltyDuration>
                <properties>
                    <entry>
                        <key>File Size</key>
                        <value>100B</value>
                    </entry>
                    <entry>
                        <key>Batch Size</key>
                        <value>1</value>
                    </entry>
                    <entry>
                        <key>Data Format</key>
                        <value>Text</value>
                    </entry>
                    <entry>
                        <key>Unique FlowFiles</key>
                        <value>true</value>
                    </entry>
                    <entry>
                        <key>generate-ff-custom-text</key>
                    </entry>
                    <entry>
                        <key>character-set</key>
                        <value>UTF-8</value>
                    </entry>
                </properties>
                <runDurationMillis>0</runDurationMillis>
                <schedulingPeriod>20 sec</schedulingPeriod>
                <schedulingStrategy>TIMER_DRIVEN</schedulingStrategy>
                <yieldDuration>1 sec</yieldDuration>
            </config>
            <executionNodeRestricted>false</executionNodeRestricted>
            <name>GenerateFlowFile</name>
            <relationships>
                <autoTerminate>false</autoTerminate>
                <name>success</name>
            </relationships>
            <state>STOPPED</state>
            <style/>
            <type>org.apache.nifi.processors.standard.GenerateFlowFile</type>
        </processors>
        <processors>
            <id>442710dd-3bc4-3cc4-0000-000000000000</id>
            <parentGroupId>fe5f913a-aa72-3e82-0000-000000000000</parentGroupId>
            <position>
                <x>1472.0</x>
                <y>528.0</y>
            </position>
            <bundle>
                <artifact>nifi-standard-nar</artifact>
                <group>org.apache.nifi</group>
                <version>1.11.4</version>
            </bundle>
            <config>
                <bulletinLevel>WARN</bulletinLevel>
                <comments></comments>
                <concurrentlySchedulableTaskCount>1</concurrentlySchedulableTaskCount>
                <descriptors>
                    <entry>
                        <key>Regular Expression</key>
                        <value>
                            <name>Regular Expression</name>
                        </value>
                    </entry>
                    <entry>
                        <key>Replacement Value</key>
                        <value>
                            <name>Replacement Value</name>
                        </value>
                    </entry>
                    <entry>
                        <key>Character Set</key>
                        <value>
                            <name>Character Set</name>
                        </value>
                    </entry>
                    <entry>
                        <key>Maximum Buffer Size</key>
                        <value>
                            <name>Maximum Buffer Size</name>
                        </value>
                    </entry>
                    <entry>
                        <key>Replacement Strategy</key>
                        <value>
                            <name>Replacement Strategy</name>
                        </value>
                    </entry>
                    <entry>
                        <key>Evaluation Mode</key>
                        <value>
                            <name>Evaluation Mode</name>
                        </value>
                    </entry>
                    <entry>
                        <key>Line-by-Line Evaluation Mode</key>
                        <value>
                            <name>Line-by-Line Evaluation Mode</name>
                        </value>
                    </entry>
                </descriptors>
                <executionNode>ALL</executionNode>
                <lossTolerant>false</lossTolerant>
                <penaltyDuration>30 sec</penaltyDuration>
                <properties>
                    <entry>
                        <key>Regular Expression</key>
                        <value>(?s)(^.*$)</value>
                    </entry>
                    <entry>
                        <key>Replacement Value</key>
                        <value>{
 "field": "{$csv}"
}</value>
                    </entry>
                    <entry>
                        <key>Character Set</key>
                        <value>UTF-8</value>
                    </entry>
                    <entry>
                        <key>Maximum Buffer Size</key>
                        <value>1 MB</value>
                    </entry>
                    <entry>
                        <key>Replacement Strategy</key>
                        <value>Always Replace</value>
                    </entry>
                    <entry>
                        <key>Evaluation Mode</key>
                        <value>Entire text</value>
                    </entry>
                    <entry>
                        <key>Line-by-Line Evaluation Mode</key>
                        <value>All</value>
                    </entry>
                </properties>
                <runDurationMillis>0</runDurationMillis>
                <schedulingPeriod>0 sec</schedulingPeriod>
                <schedulingStrategy>TIMER_DRIVEN</schedulingStrategy>
                <yieldDuration>1 sec</yieldDuration>
            </config>
            <executionNodeRestricted>false</executionNodeRestricted>
            <name>ReplaceText</name>
            <relationships>
                <autoTerminate>false</autoTerminate>
                <name>failure</name>
            </relationships>
            <relationships>
                <autoTerminate>false</autoTerminate>
                <name>success</name>
            </relationships>
            <state>STOPPED</state>
            <style/>
            <type>org.apache.nifi.processors.standard.ReplaceText</type>
        </processors>
        <processors>
            <id>88c502e5-74f5-3426-0000-000000000000</id>
            <parentGroupId>fe5f913a-aa72-3e82-0000-000000000000</parentGroupId>
            <position>
                <x>576.0</x>
                <y>536.0</y>
            </position>
            <bundle>
                <artifact>nifi-standard-nar</artifact>
                <group>org.apache.nifi</group>
                <version>1.11.4</version>
            </bundle>
            <config>
                <bulletinLevel>WARN</bulletinLevel>
                <comments></comments>
                <concurrentlySchedulableTaskCount>1</concurrentlySchedulableTaskCount>
                <descriptors>
                    <entry>
                        <key>Log Level</key>
                        <value>
                            <name>Log Level</name>
                        </value>
                    </entry>
                    <entry>
                        <key>Log Payload</key>
                        <value>
                            <name>Log Payload</name>
                        </value>
                    </entry>
                    <entry>
                        <key>Attributes to Log</key>
                        <value>
                            <name>Attributes to Log</name>
                        </value>
                    </entry>
                    <entry>
                        <key>attributes-to-log-regex</key>
                        <value>
                            <name>attributes-to-log-regex</name>
                        </value>
                    </entry>
                    <entry>
                        <key>Attributes to Ignore</key>
                        <value>
                            <name>Attributes to Ignore</name>
                        </value>
                    </entry>
                    <entry>
                        <key>attributes-to-ignore-regex</key>
                        <value>
                            <name>attributes-to-ignore-regex</name>
                        </value>
                    </entry>
                    <entry>
                        <key>Log prefix</key>
                        <value>
                            <name>Log prefix</name>
                        </value>
                    </entry>
                    <entry>
                        <key>character-set</key>
                        <value>
                            <name>character-set</name>
                        </value>
                    </entry>
                </descriptors>
                <executionNode>ALL</executionNode>
                <lossTolerant>false</lossTolerant>
                <penaltyDuration>30 sec</penaltyDuration>
                <properties>
                    <entry>
                        <key>Log Level</key>
                        <value>info</value>
                    </entry>
                    <entry>
                        <key>Log Payload</key>
                        <value>false</value>
                    </entry>
                    <entry>
                        <key>Attributes to Log</key>
                    </entry>
                    <entry>
                        <key>attributes-to-log-regex</key>
                        <value>.*</value>
                    </entry>
                    <entry>
                        <key>Attributes to Ignore</key>
                    </entry>
                    <entry>
                        <key>attributes-to-ignore-regex</key>
                    </entry>
                    <entry>
                        <key>Log prefix</key>
                    </entry>
                    <entry>
                        <key>character-set</key>
                        <value>UTF-8</value>
                    </entry>
                </properties>
                <runDurationMillis>0</runDurationMillis>
                <schedulingPeriod>0 sec</schedulingPeriod>
                <schedulingStrategy>TIMER_DRIVEN</schedulingStrategy>
                <yieldDuration>1 sec</yieldDuration>
            </config>
            <executionNodeRestricted>false</executionNodeRestricted>
            <name>LogAttribute</name>
            <relationships>
                <autoTerminate>true</autoTerminate>
                <name>success</name>
            </relationships>
            <state>STOPPED</state>
            <style/>
            <type>org.apache.nifi.processors.standard.LogAttribute</type>
        </processors>
        <processors>
            <id>bb5432aa-a801-3b5d-0000-000000000000</id>
            <parentGroupId>fe5f913a-aa72-3e82-0000-000000000000</parentGroupId>
            <position>
                <x>1472.0</x>
                <y>768.0</y>
            </position>
            <bundle>
                <artifact>nifi-standard-nar</artifact>
                <group>org.apache.nifi</group>
                <version>1.11.4</version>
            </bundle>
            <config>
                <bulletinLevel>WARN</bulletinLevel>
                <comments></comments>
                <concurrentlySchedulableTaskCount>1</concurrentlySchedulableTaskCount>
                <descriptors>
                    <entry>
                        <key>Directory</key>
                        <value>
                            <name>Directory</name>
                        </value>
                    </entry>
                    <entry>
                        <key>Conflict Resolution Strategy</key>
                        <value>
                            <name>Conflict Resolution Strategy</name>
                        </value>
                    </entry>
                    <entry>
                        <key>Create Missing Directories</key>
                        <value>
                            <name>Create Missing Directories</name>
                        </value>
                    </entry>
                    <entry>
                        <key>Maximum File Count</key>
                        <value>
                            <name>Maximum File Count</name>
                        </value>
                    </entry>
                    <entry>
                        <key>Last Modified Time</key>
                        <value>
                            <name>Last Modified Time</name>
                        </value>
                    </entry>
                    <entry>
                        <key>Permissions</key>
                        <value>
                            <name>Permissions</name>
                        </value>
                    </entry>
                    <entry>
                        <key>Owner</key>
                        <value>
                            <name>Owner</name>
                        </value>
                    </entry>
                    <entry>
                        <key>Group</key>
                        <value>
                            <name>Group</name>
                        </value>
                    </entry>
                </descriptors>
                <executionNode>ALL</executionNode>
                <lossTolerant>false</lossTolerant>
                <penaltyDuration>30 sec</penaltyDuration>
                <properties>
                    <entry>
                        <key>Directory</key>
                        <value>/Users/shruthi.i/Downloads/Output</value>
                    </entry>
                    <entry>
                        <key>Conflict Resolution Strategy</key>
                        <value>fail</value>
                    </entry>
                    <entry>
                        <key>Create Missing Directories</key>
                        <value>true</value>
                    </entry>
                    <entry>
                        <key>Maximum File Count</key>
                    </entry>
                    <entry>
                        <key>Last Modified Time</key>
                    </entry>
                    <entry>
                        <key>Permissions</key>
                    </entry>
                    <entry>
                        <key>Owner</key>
                    </entry>
                    <entry>
                        <key>Group</key>
                    </entry>
                </properties>
                <runDurationMillis>0</runDurationMillis>
                <schedulingPeriod>0 sec</schedulingPeriod>
                <schedulingStrategy>TIMER_DRIVEN</schedulingStrategy>
                <yieldDuration>1 sec</yieldDuration>
            </config>
            <executionNodeRestricted>false</executionNodeRestricted>
            <name>PutFile</name>
            <relationships>
                <autoTerminate>false</autoTerminate>
                <name>failure</name>
            </relationships>
            <relationships>
                <autoTerminate>true</autoTerminate>
                <name>success</name>
            </relationships>
            <state>STOPPED</state>
            <style/>
            <type>org.apache.nifi.processors.standard.PutFile</type>
        </processors>
        <processors>
            <id>c85d918f-69e0-3b6f-0000-000000000000</id>
            <parentGroupId>fe5f913a-aa72-3e82-0000-000000000000</parentGroupId>
            <position>
                <x>1456.0</x>
                <y>288.0</y>
            </position>
            <bundle>
                <artifact>nifi-standard-nar</artifact>
                <group>org.apache.nifi</group>
                <version>1.11.4</version>
            </bundle>
            <config>
                <bulletinLevel>WARN</bulletinLevel>
                <comments></comments>
                <concurrentlySchedulableTaskCount>1</concurrentlySchedulableTaskCount>
                <descriptors>
                    <entry>
                        <key>Character Set</key>
                        <value>
                            <name>Character Set</name>
                        </value>
                    </entry>
                    <entry>
                        <key>Maximum Buffer Size</key>
                        <value>
                            <name>Maximum Buffer Size</name>
                        </value>
                    </entry>
                    <entry>
                        <key>Maximum Capture Group Length</key>
                        <value>
                            <name>Maximum Capture Group Length</name>
                        </value>
                    </entry>
                    <entry>
                        <key>Enable Canonical Equivalence</key>
                        <value>
                            <name>Enable Canonical Equivalence</name>
                        </value>
                    </entry>
                    <entry>
                        <key>Enable Case-insensitive Matching</key>
                        <value>
                            <name>Enable Case-insensitive Matching</name>
                        </value>
                    </entry>
                    <entry>
                        <key>Permit Whitespace and Comments in Pattern</key>
                        <value>
                            <name>Permit Whitespace and Comments in Pattern</name>
                        </value>
                    </entry>
                    <entry>
                        <key>Enable DOTALL Mode</key>
                        <value>
                            <name>Enable DOTALL Mode</name>
                        </value>
                    </entry>
                    <entry>
                        <key>Enable Literal Parsing of the Pattern</key>
                        <value>
                            <name>Enable Literal Parsing of the Pattern</name>
                        </value>
                    </entry>
                    <entry>
                        <key>Enable Multiline Mode</key>
                        <value>
                            <name>Enable Multiline Mode</name>
                        </value>
                    </entry>
                    <entry>
                        <key>Enable Unicode-aware Case Folding</key>
                        <value>
                            <name>Enable Unicode-aware Case Folding</name>
                        </value>
                    </entry>
                    <entry>
                        <key>Enable Unicode Predefined Character Classes</key>
                        <value>
                            <name>Enable Unicode Predefined Character Classes</name>
                        </value>
                    </entry>
                    <entry>
                        <key>Enable Unix Lines Mode</key>
                        <value>
                            <name>Enable Unix Lines Mode</name>
                        </value>
                    </entry>
                    <entry>
                        <key>Include Capture Group 0</key>
                        <value>
                            <name>Include Capture Group 0</name>
                        </value>
                    </entry>
                    <entry>
                        <key>extract-text-enable-repeating-capture-group</key>
                        <value>
                            <name>extract-text-enable-repeating-capture-group</name>
                        </value>
                    </entry>
                    <entry>
                        <key>csv</key>
                        <value>
                            <name>csv</name>
                        </value>
                    </entry>
                </descriptors>
                <executionNode>ALL</executionNode>
                <lossTolerant>false</lossTolerant>
                <penaltyDuration>30 sec</penaltyDuration>
                <properties>
                    <entry>
                        <key>Character Set</key>
                        <value>UTF-8</value>
                    </entry>
                    <entry>
                        <key>Maximum Buffer Size</key>
                        <value>1 MB</value>
                    </entry>
                    <entry>
                        <key>Maximum Capture Group Length</key>
                        <value>1024</value>
                    </entry>
                    <entry>
                        <key>Enable Canonical Equivalence</key>
                        <value>false</value>
                    </entry>
                    <entry>
                        <key>Enable Case-insensitive Matching</key>
                        <value>false</value>
                    </entry>
                    <entry>
                        <key>Permit Whitespace and Comments in Pattern</key>
                        <value>false</value>
                    </entry>
                    <entry>
                        <key>Enable DOTALL Mode</key>
                        <value>false</value>
                    </entry>
                    <entry>
                        <key>Enable Literal Parsing of the Pattern</key>
                        <value>false</value>
                    </entry>
                    <entry>
                        <key>Enable Multiline Mode</key>
                        <value>false</value>
                    </entry>
                    <entry>
                        <key>Enable Unicode-aware Case Folding</key>
                        <value>false</value>
                    </entry>
                    <entry>
                        <key>Enable Unicode Predefined Character Classes</key>
                        <value>false</value>
                    </entry>
                    <entry>
                        <key>Enable Unix Lines Mode</key>
                        <value>false</value>
                    </entry>
                    <entry>
                        <key>Include Capture Group 0</key>
                        <value>true</value>
                    </entry>
                    <entry>
                        <key>extract-text-enable-repeating-capture-group</key>
                        <value>false</value>
                    </entry>
                    <entry>
                        <key>csv</key>
                        <value>(.+),(.+),(.+),(.+)</value>
                    </entry>
                </properties>
                <runDurationMillis>0</runDurationMillis>
                <schedulingPeriod>0 sec</schedulingPeriod>
                <schedulingStrategy>TIMER_DRIVEN</schedulingStrategy>
                <yieldDuration>1 sec</yieldDuration>
            </config>
            <executionNodeRestricted>false</executionNodeRestricted>
            <name>ExtractText</name>
            <relationships>
                <autoTerminate>false</autoTerminate>
                <name>matched</name>
            </relationships>
            <relationships>
                <autoTerminate>false</autoTerminate>
                <name>unmatched</name>
            </relationships>
            <state>STOPPED</state>
            <style/>
            <type>org.apache.nifi.processors.standard.ExtractText</type>
        </processors>
    </snippet>
    <timestamp>04/11/2020 23:43:28 IST</timestamp>
</template>
