<?xml version="1.0" encoding="UTF-8" standalone="yes"?>
<template encoding-version="1.3">
    <description></description>
    <groupId>017110c5-88e8-14ff-8538-c1504f973a57</groupId>
    <name>GETFTP/PUTFTP</name>
    <snippet>
        <connections>
            <id>32241fe7-969c-3cd9-0000-000000000000</id>
            <parentGroupId>19937608-1a94-316c-0000-000000000000</parentGroupId>
            <backPressureDataSizeThreshold>1 GB</backPressureDataSizeThreshold>
            <backPressureObjectThreshold>10000</backPressureObjectThreshold>
            <destination>
                <groupId>19937608-1a94-316c-0000-000000000000</groupId>
                <id>742e13aa-479d-3e02-0000-000000000000</id>
                <type>PROCESSOR</type>
            </destination>
            <flowFileExpiration>0 sec</flowFileExpiration>
            <labelIndex>1</labelIndex>
            <loadBalanceCompression>DO_NOT_COMPRESS</loadBalanceCompression>
            <loadBalancePartitionAttribute></loadBalancePartitionAttribute>
            <loadBalanceStatus>LOAD_BALANCE_NOT_CONFIGURED</loadBalanceStatus>
            <loadBalanceStrategy>DO_NOT_LOAD_BALANCE</loadBalanceStrategy>
            <name></name>
            <selectedRelationships>success</selectedRelationships>
            <source>
                <groupId>19937608-1a94-316c-0000-000000000000</groupId>
                <id>ac91527d-f33f-38cd-0000-000000000000</id>
                <type>PROCESSOR</type>
            </source>
            <zIndex>0</zIndex>
        </connections>
        <connections>
            <id>547ec4e0-ac66-3c85-0000-000000000000</id>
            <parentGroupId>19937608-1a94-316c-0000-000000000000</parentGroupId>
            <backPressureDataSizeThreshold>1 GB</backPressureDataSizeThreshold>
            <backPressureObjectThreshold>10000</backPressureObjectThreshold>
            <destination>
                <groupId>19937608-1a94-316c-0000-000000000000</groupId>
                <id>68782df4-daab-3bab-0000-000000000000</id>
                <type>PROCESSOR</type>
            </destination>
            <flowFileExpiration>0 sec</flowFileExpiration>
            <labelIndex>1</labelIndex>
            <loadBalanceCompression>DO_NOT_COMPRESS</loadBalanceCompression>
            <loadBalancePartitionAttribute></loadBalancePartitionAttribute>
            <loadBalanceStatus>LOAD_BALANCE_NOT_CONFIGURED</loadBalanceStatus>
            <loadBalanceStrategy>DO_NOT_LOAD_BALANCE</loadBalanceStrategy>
            <name></name>
            <selectedRelationships>failure</selectedRelationships>
            <source>
                <groupId>19937608-1a94-316c-0000-000000000000</groupId>
                <id>09b3a415-c027-355f-0000-000000000000</id>
                <type>PROCESSOR</type>
            </source>
            <zIndex>0</zIndex>
        </connections>
        <connections>
            <id>7b1b7354-af88-3889-0000-000000000000</id>
            <parentGroupId>19937608-1a94-316c-0000-000000000000</parentGroupId>
            <backPressureDataSizeThreshold>1 GB</backPressureDataSizeThreshold>
            <backPressureObjectThreshold>10000</backPressureObjectThreshold>
            <destination>
                <groupId>19937608-1a94-316c-0000-000000000000</groupId>
                <id>09b3a415-c027-355f-0000-000000000000</id>
                <type>PROCESSOR</type>
            </destination>
            <flowFileExpiration>0 sec</flowFileExpiration>
            <labelIndex>1</labelIndex>
            <loadBalanceCompression>DO_NOT_COMPRESS</loadBalanceCompression>
            <loadBalancePartitionAttribute></loadBalancePartitionAttribute>
            <loadBalanceStatus>LOAD_BALANCE_NOT_CONFIGURED</loadBalanceStatus>
            <loadBalanceStrategy>DO_NOT_LOAD_BALANCE</loadBalanceStrategy>
            <name></name>
            <selectedRelationships>success</selectedRelationships>
            <source>
                <groupId>19937608-1a94-316c-0000-000000000000</groupId>
                <id>65f519e8-0710-3bee-0000-000000000000</id>
                <type>PROCESSOR</type>
            </source>
            <zIndex>0</zIndex>
        </connections>
        <connections>
            <id>7b413a18-9770-3caa-0000-000000000000</id>
            <parentGroupId>19937608-1a94-316c-0000-000000000000</parentGroupId>
            <backPressureDataSizeThreshold>1 GB</backPressureDataSizeThreshold>
            <backPressureObjectThreshold>10000</backPressureObjectThreshold>
            <destination>
                <groupId>19937608-1a94-316c-0000-000000000000</groupId>
                <id>68782df4-daab-3bab-0000-000000000000</id>
                <type>PROCESSOR</type>
            </destination>
            <flowFileExpiration>0 sec</flowFileExpiration>
            <labelIndex>1</labelIndex>
            <loadBalanceCompression>DO_NOT_COMPRESS</loadBalanceCompression>
            <loadBalancePartitionAttribute></loadBalancePartitionAttribute>
            <loadBalanceStatus>LOAD_BALANCE_NOT_CONFIGURED</loadBalanceStatus>
            <loadBalanceStrategy>DO_NOT_LOAD_BALANCE</loadBalanceStrategy>
            <name></name>
            <selectedRelationships>failure</selectedRelationships>
            <source>
                <groupId>19937608-1a94-316c-0000-000000000000</groupId>
                <id>742e13aa-479d-3e02-0000-000000000000</id>
                <type>PROCESSOR</type>
            </source>
            <zIndex>0</zIndex>
        </connections>
        <processors>
            <id>09b3a415-c027-355f-0000-000000000000</id>
            <parentGroupId>19937608-1a94-316c-0000-000000000000</parentGroupId>
            <position>
                <x>560.0</x>
                <y>336.0</y>
            </position>
            <bundle>
                <artifact>nifi-standard-nar</artifact>
                <group>org.apache.nifi</group>
                <version>1.11.4</version>
            </bundle>
            <config>
                <bulletinLevel>WARN</bulletinLevel>
                <comments></comments>
                <concurrentlySchedulableTaskCount>1</concurrentlySchedulableTaskCount>
                <descriptors>
                    <entry>
                        <key>Directory</key>
                        <value>
                            <name>Directory</name>
                        </value>
                    </entry>
                    <entry>
                        <key>Conflict Resolution Strategy</key>
                        <value>
                            <name>Conflict Resolution Strategy</name>
                        </value>
                    </entry>
                    <entry>
                        <key>Create Missing Directories</key>
                        <value>
                            <name>Create Missing Directories</name>
                        </value>
                    </entry>
                    <entry>
                        <key>Maximum File Count</key>
                        <value>
                            <name>Maximum File Count</name>
                        </value>
                    </entry>
                    <entry>
                        <key>Last Modified Time</key>
                        <value>
                            <name>Last Modified Time</name>
                        </value>
                    </entry>
                    <entry>
                        <key>Permissions</key>
                        <value>
                            <name>Permissions</name>
                        </value>
                    </entry>
                    <entry>
                        <key>Owner</key>
                        <value>
                            <name>Owner</name>
                        </value>
                    </entry>
                    <entry>
                        <key>Group</key>
                        <value>
                            <name>Group</name>
                        </value>
                    </entry>
                </descriptors>
                <executionNode>ALL</executionNode>
                <lossTolerant>false</lossTolerant>
                <penaltyDuration>30 sec</penaltyDuration>
                <properties>
                    <entry>
                        <key>Directory</key>
                        <value>/Users/shruthi.i/Downloads/Input</value>
                    </entry>
                    <entry>
                        <key>Conflict Resolution Strategy</key>
                        <value>fail</value>
                    </entry>
                    <entry>
                        <key>Create Missing Directories</key>
                        <value>true</value>
                    </entry>
                    <entry>
                        <key>Maximum File Count</key>
                    </entry>
                    <entry>
                        <key>Last Modified Time</key>
                    </entry>
                    <entry>
                        <key>Permissions</key>
                    </entry>
                    <entry>
                        <key>Owner</key>
                    </entry>
                    <entry>
                        <key>Group</key>
                    </entry>
                </properties>
                <runDurationMillis>0</runDurationMillis>
                <schedulingPeriod>0 sec</schedulingPeriod>
                <schedulingStrategy>TIMER_DRIVEN</schedulingStrategy>
                <yieldDuration>1 sec</yieldDuration>
            </config>
            <executionNodeRestricted>false</executionNodeRestricted>
            <name>PutFile</name>
            <relationships>
                <autoTerminate>false</autoTerminate>
                <name>failure</name>
            </relationships>
            <relationships>
                <autoTerminate>true</autoTerminate>
                <name>success</name>
            </relationships>
            <state>STOPPED</state>
            <style/>
            <type>org.apache.nifi.processors.standard.PutFile</type>
        </processors>
        <processors>
            <id>65f519e8-0710-3bee-0000-000000000000</id>
            <parentGroupId>19937608-1a94-316c-0000-000000000000</parentGroupId>
            <position>
                <x>32.0</x>
                <y>344.0</y>
            </position>
            <bundle>
                <artifact>nifi-standard-nar</artifact>
                <group>org.apache.nifi</group>
                <version>1.11.4</version>
            </bundle>
            <config>
                <bulletinLevel>WARN</bulletinLevel>
                <comments></comments>
                <concurrentlySchedulableTaskCount>1</concurrentlySchedulableTaskCount>
                <descriptors>
                    <entry>
                        <key>Hostname</key>
                        <value>
                            <name>Hostname</name>
                        </value>
                    </entry>
                    <entry>
                        <key>Port</key>
                        <value>
                            <name>Port</name>
                        </value>
                    </entry>
                    <entry>
                        <key>Username</key>
                        <value>
                            <name>Username</name>
                        </value>
                    </entry>
                    <entry>
                        <key>Password</key>
                        <value>
                            <name>Password</name>
                        </value>
                    </entry>
                    <entry>
                        <key>Connection Mode</key>
                        <value>
                            <name>Connection Mode</name>
                        </value>
                    </entry>
                    <entry>
                        <key>Transfer Mode</key>
                        <value>
                            <name>Transfer Mode</name>
                        </value>
                    </entry>
                    <entry>
                        <key>Remote Path</key>
                        <value>
                            <name>Remote Path</name>
                        </value>
                    </entry>
                    <entry>
                        <key>File Filter Regex</key>
                        <value>
                            <name>File Filter Regex</name>
                        </value>
                    </entry>
                    <entry>
                        <key>Path Filter Regex</key>
                        <value>
                            <name>Path Filter Regex</name>
                        </value>
                    </entry>
                    <entry>
                        <key>Polling Interval</key>
                        <value>
                            <name>Polling Interval</name>
                        </value>
                    </entry>
                    <entry>
                        <key>Search Recursively</key>
                        <value>
                            <name>Search Recursively</name>
                        </value>
                    </entry>
                    <entry>
                        <key>follow-symlink</key>
                        <value>
                            <name>follow-symlink</name>
                        </value>
                    </entry>
                    <entry>
                        <key>Ignore Dotted Files</key>
                        <value>
                            <name>Ignore Dotted Files</name>
                        </value>
                    </entry>
                    <entry>
                        <key>Delete Original</key>
                        <value>
                            <name>Delete Original</name>
                        </value>
                    </entry>
                    <entry>
                        <key>Connection Timeout</key>
                        <value>
                            <name>Connection Timeout</name>
                        </value>
                    </entry>
                    <entry>
                        <key>Data Timeout</key>
                        <value>
                            <name>Data Timeout</name>
                        </value>
                    </entry>
                    <entry>
                        <key>Max Selects</key>
                        <value>
                            <name>Max Selects</name>
                        </value>
                    </entry>
                    <entry>
                        <key>Remote Poll Batch Size</key>
                        <value>
                            <name>Remote Poll Batch Size</name>
                        </value>
                    </entry>
                    <entry>
                        <key>Use Natural Ordering</key>
                        <value>
                            <name>Use Natural Ordering</name>
                        </value>
                    </entry>
                    <entry>
                        <key>proxy-configuration-service</key>
                        <value>
                            <identifiesControllerService>org.apache.nifi.proxy.ProxyConfigurationService</identifiesControllerService>
                            <name>proxy-configuration-service</name>
                        </value>
                    </entry>
                    <entry>
                        <key>Proxy Type</key>
                        <value>
                            <name>Proxy Type</name>
                        </value>
                    </entry>
                    <entry>
                        <key>Proxy Host</key>
                        <value>
                            <name>Proxy Host</name>
                        </value>
                    </entry>
                    <entry>
                        <key>Proxy Port</key>
                        <value>
                            <name>Proxy Port</name>
                        </value>
                    </entry>
                    <entry>
                        <key>Http Proxy Username</key>
                        <value>
                            <name>Http Proxy Username</name>
                        </value>
                    </entry>
                    <entry>
                        <key>Http Proxy Password</key>
                        <value>
                            <name>Http Proxy Password</name>
                        </value>
                    </entry>
                    <entry>
                        <key>Internal Buffer Size</key>
                        <value>
                            <name>Internal Buffer Size</name>
                        </value>
                    </entry>
                    <entry>
                        <key>ftp-use-utf8</key>
                        <value>
                            <name>ftp-use-utf8</name>
                        </value>
                    </entry>
                </descriptors>
                <executionNode>ALL</executionNode>
                <lossTolerant>false</lossTolerant>
                <penaltyDuration>30 sec</penaltyDuration>
                <properties>
                    <entry>
                        <key>Hostname</key>
                        <value>192.168.56.101</value>
                    </entry>
                    <entry>
                        <key>Port</key>
                        <value>21</value>
                    </entry>
                    <entry>
                        <key>Username</key>
                        <value>shruthi</value>
                    </entry>
                    <entry>
                        <key>Password</key>
                    </entry>
                    <entry>
                        <key>Connection Mode</key>
                        <value>Active</value>
                    </entry>
                    <entry>
                        <key>Transfer Mode</key>
                        <value>Binary</value>
                    </entry>
                    <entry>
                        <key>Remote Path</key>
                        <value>/home/shruthi</value>
                    </entry>
                    <entry>
                        <key>File Filter Regex</key>
                        <value>examples.desktop</value>
                    </entry>
                    <entry>
                        <key>Path Filter Regex</key>
                    </entry>
                    <entry>
                        <key>Polling Interval</key>
                        <value>60 sec</value>
                    </entry>
                    <entry>
                        <key>Search Recursively</key>
                        <value>false</value>
                    </entry>
                    <entry>
                        <key>follow-symlink</key>
                        <value>false</value>
                    </entry>
                    <entry>
                        <key>Ignore Dotted Files</key>
                        <value>true</value>
                    </entry>
                    <entry>
                        <key>Delete Original</key>
                        <value>false</value>
                    </entry>
                    <entry>
                        <key>Connection Timeout</key>
                        <value>30 sec</value>
                    </entry>
                    <entry>
                        <key>Data Timeout</key>
                        <value>30 sec</value>
                    </entry>
                    <entry>
                        <key>Max Selects</key>
                        <value>100</value>
                    </entry>
                    <entry>
                        <key>Remote Poll Batch Size</key>
                        <value>5000</value>
                    </entry>
                    <entry>
                        <key>Use Natural Ordering</key>
                        <value>false</value>
                    </entry>
                    <entry>
                        <key>proxy-configuration-service</key>
                    </entry>
                    <entry>
                        <key>Proxy Type</key>
                        <value>DIRECT</value>
                    </entry>
                    <entry>
                        <key>Proxy Host</key>
                    </entry>
                    <entry>
                        <key>Proxy Port</key>
                    </entry>
                    <entry>
                        <key>Http Proxy Username</key>
                    </entry>
                    <entry>
                        <key>Http Proxy Password</key>
                    </entry>
                    <entry>
                        <key>Internal Buffer Size</key>
                        <value>16KB</value>
                    </entry>
                    <entry>
                        <key>ftp-use-utf8</key>
                        <value>false</value>
                    </entry>
                </properties>
                <runDurationMillis>0</runDurationMillis>
                <schedulingPeriod>0 sec</schedulingPeriod>
                <schedulingStrategy>TIMER_DRIVEN</schedulingStrategy>
                <yieldDuration>1 sec</yieldDuration>
            </config>
            <executionNodeRestricted>false</executionNodeRestricted>
            <name>GetFTP</name>
            <relationships>
                <autoTerminate>false</autoTerminate>
                <name>success</name>
            </relationships>
            <state>STOPPED</state>
            <style/>
            <type>org.apache.nifi.processors.standard.GetFTP</type>
        </processors>
        <processors>
            <id>68782df4-daab-3bab-0000-000000000000</id>
            <parentGroupId>19937608-1a94-316c-0000-000000000000</parentGroupId>
            <position>
                <x>1000.0</x>
                <y>328.0</y>
            </position>
            <bundle>
                <artifact>nifi-standard-nar</artifact>
                <group>org.apache.nifi</group>
                <version>1.11.4</version>
            </bundle>
            <config>
                <bulletinLevel>WARN</bulletinLevel>
                <comments></comments>
                <concurrentlySchedulableTaskCount>1</concurrentlySchedulableTaskCount>
                <descriptors>
                    <entry>
                        <key>Log Level</key>
                        <value>
                            <name>Log Level</name>
                        </value>
                    </entry>
                    <entry>
                        <key>Log Payload</key>
                        <value>
                            <name>Log Payload</name>
                        </value>
                    </entry>
                    <entry>
                        <key>Attributes to Log</key>
                        <value>
                            <name>Attributes to Log</name>
                        </value>
                    </entry>
                    <entry>
                        <key>attributes-to-log-regex</key>
                        <value>
                            <name>attributes-to-log-regex</name>
                        </value>
                    </entry>
                    <entry>
                        <key>Attributes to Ignore</key>
                        <value>
                            <name>Attributes to Ignore</name>
                        </value>
                    </entry>
                    <entry>
                        <key>attributes-to-ignore-regex</key>
                        <value>
                            <name>attributes-to-ignore-regex</name>
                        </value>
                    </entry>
                    <entry>
                        <key>Log prefix</key>
                        <value>
                            <name>Log prefix</name>
                        </value>
                    </entry>
                    <entry>
                        <key>character-set</key>
                        <value>
                            <name>character-set</name>
                        </value>
                    </entry>
                </descriptors>
                <executionNode>ALL</executionNode>
                <lossTolerant>false</lossTolerant>
                <penaltyDuration>30 sec</penaltyDuration>
                <properties>
                    <entry>
                        <key>Log Level</key>
                        <value>info</value>
                    </entry>
                    <entry>
                        <key>Log Payload</key>
                        <value>false</value>
                    </entry>
                    <entry>
                        <key>Attributes to Log</key>
                    </entry>
                    <entry>
                        <key>attributes-to-log-regex</key>
                        <value>.*</value>
                    </entry>
                    <entry>
                        <key>Attributes to Ignore</key>
                    </entry>
                    <entry>
                        <key>attributes-to-ignore-regex</key>
                    </entry>
                    <entry>
                        <key>Log prefix</key>
                    </entry>
                    <entry>
                        <key>character-set</key>
                        <value>UTF-8</value>
                    </entry>
                </properties>
                <runDurationMillis>0</runDurationMillis>
                <schedulingPeriod>0 sec</schedulingPeriod>
                <schedulingStrategy>TIMER_DRIVEN</schedulingStrategy>
                <yieldDuration>1 sec</yieldDuration>
            </config>
            <executionNodeRestricted>false</executionNodeRestricted>
            <name>LogAttribute</name>
            <relationships>
                <autoTerminate>true</autoTerminate>
                <name>success</name>
            </relationships>
            <state>STOPPED</state>
            <style/>
            <type>org.apache.nifi.processors.standard.LogAttribute</type>
        </processors>
        <processors>
            <id>742e13aa-479d-3e02-0000-000000000000</id>
            <parentGroupId>19937608-1a94-316c-0000-000000000000</parentGroupId>
            <position>
                <x>624.0</x>
                <y>0.0</y>
            </position>
            <bundle>
                <artifact>nifi-standard-nar</artifact>
                <group>org.apache.nifi</group>
                <version>1.11.4</version>
            </bundle>
            <config>
                <bulletinLevel>WARN</bulletinLevel>
                <comments></comments>
                <concurrentlySchedulableTaskCount>1</concurrentlySchedulableTaskCount>
                <descriptors>
                    <entry>
                        <key>Hostname</key>
                        <value>
                            <name>Hostname</name>
                        </value>
                    </entry>
                    <entry>
                        <key>Port</key>
                        <value>
                            <name>Port</name>
                        </value>
                    </entry>
                    <entry>
                        <key>Username</key>
                        <value>
                            <name>Username</name>
                        </value>
                    </entry>
                    <entry>
                        <key>Password</key>
                        <value>
                            <name>Password</name>
                        </value>
                    </entry>
                    <entry>
                        <key>Remote Path</key>
                        <value>
                            <name>Remote Path</name>
                        </value>
                    </entry>
                    <entry>
                        <key>Create Directory</key>
                        <value>
                            <name>Create Directory</name>
                        </value>
                    </entry>
                    <entry>
                        <key>Batch Size</key>
                        <value>
                            <name>Batch Size</name>
                        </value>
                    </entry>
                    <entry>
                        <key>Connection Timeout</key>
                        <value>
                            <name>Connection Timeout</name>
                        </value>
                    </entry>
                    <entry>
                        <key>Data Timeout</key>
                        <value>
                            <name>Data Timeout</name>
                        </value>
                    </entry>
                    <entry>
                        <key>Conflict Resolution</key>
                        <value>
                            <name>Conflict Resolution</name>
                        </value>
                    </entry>
                    <entry>
                        <key>Dot Rename</key>
                        <value>
                            <name>Dot Rename</name>
                        </value>
                    </entry>
                    <entry>
                        <key>Temporary Filename</key>
                        <value>
                            <name>Temporary Filename</name>
                        </value>
                    </entry>
                    <entry>
                        <key>Transfer Mode</key>
                        <value>
                            <name>Transfer Mode</name>
                        </value>
                    </entry>
                    <entry>
                        <key>Connection Mode</key>
                        <value>
                            <name>Connection Mode</name>
                        </value>
                    </entry>
                    <entry>
                        <key>Reject Zero-Byte Files</key>
                        <value>
                            <name>Reject Zero-Byte Files</name>
                        </value>
                    </entry>
                    <entry>
                        <key>Last Modified Time</key>
                        <value>
                            <name>Last Modified Time</name>
                        </value>
                    </entry>
                    <entry>
                        <key>Permissions</key>
                        <value>
                            <name>Permissions</name>
                        </value>
                    </entry>
                    <entry>
                        <key>Use Compression</key>
                        <value>
                            <name>Use Compression</name>
                        </value>
                    </entry>
                    <entry>
                        <key>proxy-configuration-service</key>
                        <value>
                            <identifiesControllerService>org.apache.nifi.proxy.ProxyConfigurationService</identifiesControllerService>
                            <name>proxy-configuration-service</name>
                        </value>
                    </entry>
                    <entry>
                        <key>Proxy Type</key>
                        <value>
                            <name>Proxy Type</name>
                        </value>
                    </entry>
                    <entry>
                        <key>Proxy Host</key>
                        <value>
                            <name>Proxy Host</name>
                        </value>
                    </entry>
                    <entry>
                        <key>Proxy Port</key>
                        <value>
                            <name>Proxy Port</name>
                        </value>
                    </entry>
                    <entry>
                        <key>Http Proxy Username</key>
                        <value>
                            <name>Http Proxy Username</name>
                        </value>
                    </entry>
                    <entry>
                        <key>Http Proxy Password</key>
                        <value>
                            <name>Http Proxy Password</name>
                        </value>
                    </entry>
                    <entry>
                        <key>Internal Buffer Size</key>
                        <value>
                            <name>Internal Buffer Size</name>
                        </value>
                    </entry>
                    <entry>
                        <key>ftp-use-utf8</key>
                        <value>
                            <name>ftp-use-utf8</name>
                        </value>
                    </entry>
                </descriptors>
                <executionNode>ALL</executionNode>
                <lossTolerant>false</lossTolerant>
                <penaltyDuration>30 sec</penaltyDuration>
                <properties>
                    <entry>
                        <key>Hostname</key>
                        <value>192.168.56.101</value>
                    </entry>
                    <entry>
                        <key>Port</key>
                        <value>21</value>
                    </entry>
                    <entry>
                        <key>Username</key>
                        <value>shruthi</value>
                    </entry>
                    <entry>
                        <key>Password</key>
                    </entry>
                    <entry>
                        <key>Remote Path</key>
                        <value>/home/shruthi/new</value>
                    </entry>
                    <entry>
                        <key>Create Directory</key>
                        <value>true</value>
                    </entry>
                    <entry>
                        <key>Batch Size</key>
                        <value>50</value>
                    </entry>
                    <entry>
                        <key>Connection Timeout</key>
                        <value>30 sec</value>
                    </entry>
                    <entry>
                        <key>Data Timeout</key>
                        <value>30 sec</value>
                    </entry>
                    <entry>
                        <key>Conflict Resolution</key>
                        <value>NONE</value>
                    </entry>
                    <entry>
                        <key>Dot Rename</key>
                        <value>true</value>
                    </entry>
                    <entry>
                        <key>Temporary Filename</key>
                    </entry>
                    <entry>
                        <key>Transfer Mode</key>
                        <value>Binary</value>
                    </entry>
                    <entry>
                        <key>Connection Mode</key>
                        <value>Active</value>
                    </entry>
                    <entry>
                        <key>Reject Zero-Byte Files</key>
                        <value>true</value>
                    </entry>
                    <entry>
                        <key>Last Modified Time</key>
                    </entry>
                    <entry>
                        <key>Permissions</key>
                    </entry>
                    <entry>
                        <key>Use Compression</key>
                        <value>false</value>
                    </entry>
                    <entry>
                        <key>proxy-configuration-service</key>
                    </entry>
                    <entry>
                        <key>Proxy Type</key>
                        <value>DIRECT</value>
                    </entry>
                    <entry>
                        <key>Proxy Host</key>
                    </entry>
                    <entry>
                        <key>Proxy Port</key>
                    </entry>
                    <entry>
                        <key>Http Proxy Username</key>
                    </entry>
                    <entry>
                        <key>Http Proxy Password</key>
                    </entry>
                    <entry>
                        <key>Internal Buffer Size</key>
                        <value>16KB</value>
                    </entry>
                    <entry>
                        <key>ftp-use-utf8</key>
                        <value>false</value>
                    </entry>
                </properties>
                <runDurationMillis>0</runDurationMillis>
                <schedulingPeriod>0 sec</schedulingPeriod>
                <schedulingStrategy>TIMER_DRIVEN</schedulingStrategy>
                <yieldDuration>1 sec</yieldDuration>
            </config>
            <executionNodeRestricted>false</executionNodeRestricted>
            <name>PutFTP</name>
            <relationships>
                <autoTerminate>false</autoTerminate>
                <name>failure</name>
            </relationships>
            <relationships>
                <autoTerminate>true</autoTerminate>
                <name>reject</name>
            </relationships>
            <relationships>
                <autoTerminate>true</autoTerminate>
                <name>success</name>
            </relationships>
            <state>STOPPED</state>
            <style/>
            <type>org.apache.nifi.processors.standard.PutFTP</type>
        </processors>
        <processors>
            <id>ac91527d-f33f-38cd-0000-000000000000</id>
            <parentGroupId>19937608-1a94-316c-0000-000000000000</parentGroupId>
            <position>
                <x>0.0</x>
                <y>0.0</y>
            </position>
            <bundle>
                <artifact>nifi-standard-nar</artifact>
                <group>org.apache.nifi</group>
                <version>1.11.4</version>
            </bundle>
            <config>
                <bulletinLevel>WARN</bulletinLevel>
                <comments></comments>
                <concurrentlySchedulableTaskCount>1</concurrentlySchedulableTaskCount>
                <descriptors>
                    <entry>
                        <key>Input Directory</key>
                        <value>
                            <name>Input Directory</name>
                        </value>
                    </entry>
                    <entry>
                        <key>File Filter</key>
                        <value>
                            <name>File Filter</name>
                        </value>
                    </entry>
                    <entry>
                        <key>Path Filter</key>
                        <value>
                            <name>Path Filter</name>
                        </value>
                    </entry>
                    <entry>
                        <key>Batch Size</key>
                        <value>
                            <name>Batch Size</name>
                        </value>
                    </entry>
                    <entry>
                        <key>Keep Source File</key>
                        <value>
                            <name>Keep Source File</name>
                        </value>
                    </entry>
                    <entry>
                        <key>Recurse Subdirectories</key>
                        <value>
                            <name>Recurse Subdirectories</name>
                        </value>
                    </entry>
                    <entry>
                        <key>Polling Interval</key>
                        <value>
                            <name>Polling Interval</name>
                        </value>
                    </entry>
                    <entry>
                        <key>Ignore Hidden Files</key>
                        <value>
                            <name>Ignore Hidden Files</name>
                        </value>
                    </entry>
                    <entry>
                        <key>Minimum File Age</key>
                        <value>
                            <name>Minimum File Age</name>
                        </value>
                    </entry>
                    <entry>
                        <key>Maximum File Age</key>
                        <value>
                            <name>Maximum File Age</name>
                        </value>
                    </entry>
                    <entry>
                        <key>Minimum File Size</key>
                        <value>
                            <name>Minimum File Size</name>
                        </value>
                    </entry>
                    <entry>
                        <key>Maximum File Size</key>
                        <value>
                            <name>Maximum File Size</name>
                        </value>
                    </entry>
                </descriptors>
                <executionNode>ALL</executionNode>
                <lossTolerant>false</lossTolerant>
                <penaltyDuration>30 sec</penaltyDuration>
                <properties>
                    <entry>
                        <key>Input Directory</key>
                        <value>/Users/shruthi.i/Downloads/Input</value>
                    </entry>
                    <entry>
                        <key>File Filter</key>
                        <value>em.csv</value>
                    </entry>
                    <entry>
                        <key>Path Filter</key>
                    </entry>
                    <entry>
                        <key>Batch Size</key>
                        <value>10</value>
                    </entry>
                    <entry>
                        <key>Keep Source File</key>
                        <value>true</value>
                    </entry>
                    <entry>
                        <key>Recurse Subdirectories</key>
                        <value>true</value>
                    </entry>
                    <entry>
                        <key>Polling Interval</key>
                        <value>0 sec</value>
                    </entry>
                    <entry>
                        <key>Ignore Hidden Files</key>
                        <value>true</value>
                    </entry>
                    <entry>
                        <key>Minimum File Age</key>
                        <value>0 sec</value>
                    </entry>
                    <entry>
                        <key>Maximum File Age</key>
                    </entry>
                    <entry>
                        <key>Minimum File Size</key>
                        <value>0 B</value>
                    </entry>
                    <entry>
                        <key>Maximum File Size</key>
                    </entry>
                </properties>
                <runDurationMillis>0</runDurationMillis>
                <schedulingPeriod>0 sec</schedulingPeriod>
                <schedulingStrategy>TIMER_DRIVEN</schedulingStrategy>
                <yieldDuration>1 sec</yieldDuration>
            </config>
            <executionNodeRestricted>false</executionNodeRestricted>
            <name>GetFile</name>
            <relationships>
                <autoTerminate>false</autoTerminate>
                <name>success</name>
            </relationships>
            <state>STOPPED</state>
            <style/>
            <type>org.apache.nifi.processors.standard.GetFile</type>
        </processors>
    </snippet>
    <timestamp>04/12/2020 01:24:32 IST</timestamp>
</template>
