<?xml version="1.0" encoding="UTF-8" standalone="yes"?>
<template encoding-version="1.3">
    <description>Gets the file from remote server and puts it to another remote server.</description>
    <groupId>0171104f-88e8-14ff-c2d3-03a8649a6a48</groupId>
    <name>GETSFTP/PUTSFTP</name>
    <snippet>
        <processGroups>
            <id>9e301708-56fe-3b0e-0000-000000000000</id>
            <parentGroupId>b2d8c88a-9a3e-33e2-0000-000000000000</parentGroupId>
            <position>
                <x>0.0</x>
                <y>0.0</y>
            </position>
            <comments></comments>
            <contents>
                <connections>
                    <id>560facb5-960f-345d-0000-000000000000</id>
                    <parentGroupId>9e301708-56fe-3b0e-0000-000000000000</parentGroupId>
                    <backPressureDataSizeThreshold>1 GB</backPressureDataSizeThreshold>
                    <backPressureObjectThreshold>10000</backPressureObjectThreshold>
                    <destination>
                        <groupId>9e301708-56fe-3b0e-0000-000000000000</groupId>
                        <id>08a337a7-9716-317a-0000-000000000000</id>
                        <type>PROCESSOR</type>
                    </destination>
                    <flowFileExpiration>0 sec</flowFileExpiration>
                    <labelIndex>1</labelIndex>
                    <loadBalanceCompression>DO_NOT_COMPRESS</loadBalanceCompression>
                    <loadBalancePartitionAttribute></loadBalancePartitionAttribute>
                    <loadBalanceStatus>LOAD_BALANCE_NOT_CONFIGURED</loadBalanceStatus>
                    <loadBalanceStrategy>DO_NOT_LOAD_BALANCE</loadBalanceStrategy>
                    <name></name>
                    <selectedRelationships>success</selectedRelationships>
                    <source>
                        <groupId>9e301708-56fe-3b0e-0000-000000000000</groupId>
                        <id>e3fb1a76-0e38-3a12-0000-000000000000</id>
                        <type>PROCESSOR</type>
                    </source>
                    <zIndex>0</zIndex>
                </connections>
                <processors>
                    <id>08a337a7-9716-317a-0000-000000000000</id>
                    <parentGroupId>9e301708-56fe-3b0e-0000-000000000000</parentGroupId>
                    <position>
                        <x>648.0</x>
                        <y>-16.0</y>
                    </position>
                    <bundle>
                        <artifact>nifi-standard-nar</artifact>
                        <group>org.apache.nifi</group>
                        <version>1.11.4</version>
                    </bundle>
                    <config>
                        <bulletinLevel>WARN</bulletinLevel>
                        <comments></comments>
                        <concurrentlySchedulableTaskCount>1</concurrentlySchedulableTaskCount>
                        <descriptors>
                            <entry>
<key>Hostname</key>
<value>
    <name>Hostname</name>
</value>
                            </entry>
                            <entry>
<key>Port</key>
<value>
    <name>Port</name>
</value>
                            </entry>
                            <entry>
<key>Username</key>
<value>
    <name>Username</name>
</value>
                            </entry>
                            <entry>
<key>Password</key>
<value>
    <name>Password</name>
</value>
                            </entry>
                            <entry>
<key>Private Key Path</key>
<value>
    <name>Private Key Path</name>
</value>
                            </entry>
                            <entry>
<key>Private Key Passphrase</key>
<value>
    <name>Private Key Passphrase</name>
</value>
                            </entry>
                            <entry>
<key>Remote Path</key>
<value>
    <name>Remote Path</name>
</value>
                            </entry>
                            <entry>
<key>Create Directory</key>
<value>
    <name>Create Directory</name>
</value>
                            </entry>
                            <entry>
<key>Disable Directory Listing</key>
<value>
    <name>Disable Directory Listing</name>
</value>
                            </entry>
                            <entry>
<key>Batch Size</key>
<value>
    <name>Batch Size</name>
</value>
                            </entry>
                            <entry>
<key>Connection Timeout</key>
<value>
    <name>Connection Timeout</name>
</value>
                            </entry>
                            <entry>
<key>Data Timeout</key>
<value>
    <name>Data Timeout</name>
</value>
                            </entry>
                            <entry>
<key>Conflict Resolution</key>
<value>
    <name>Conflict Resolution</name>
</value>
                            </entry>
                            <entry>
<key>Reject Zero-Byte Files</key>
<value>
    <name>Reject Zero-Byte Files</name>
</value>
                            </entry>
                            <entry>
<key>Dot Rename</key>
<value>
    <name>Dot Rename</name>
</value>
                            </entry>
                            <entry>
<key>Temporary Filename</key>
<value>
    <name>Temporary Filename</name>
</value>
                            </entry>
                            <entry>
<key>Host Key File</key>
<value>
    <name>Host Key File</name>
</value>
                            </entry>
                            <entry>
<key>Last Modified Time</key>
<value>
    <name>Last Modified Time</name>
</value>
                            </entry>
                            <entry>
<key>Permissions</key>
<value>
    <name>Permissions</name>
</value>
                            </entry>
                            <entry>
<key>Remote Owner</key>
<value>
    <name>Remote Owner</name>
</value>
                            </entry>
                            <entry>
<key>Remote Group</key>
<value>
    <name>Remote Group</name>
</value>
                            </entry>
                            <entry>
<key>Strict Host Key Checking</key>
<value>
    <name>Strict Host Key Checking</name>
</value>
                            </entry>
                            <entry>
<key>Send Keep Alive On Timeout</key>
<value>
    <name>Send Keep Alive On Timeout</name>
</value>
                            </entry>
                            <entry>
<key>Use Compression</key>
<value>
    <name>Use Compression</name>
</value>
                            </entry>
                            <entry>
<key>proxy-configuration-service</key>
<value>
    <identifiesControllerService>org.apache.nifi.proxy.ProxyConfigurationService</identifiesControllerService>
    <name>proxy-configuration-service</name>
</value>
                            </entry>
                            <entry>
<key>Proxy Type</key>
<value>
    <name>Proxy Type</name>
</value>
                            </entry>
                            <entry>
<key>Proxy Host</key>
<value>
    <name>Proxy Host</name>
</value>
                            </entry>
                            <entry>
<key>Proxy Port</key>
<value>
    <name>Proxy Port</name>
</value>
                            </entry>
                            <entry>
<key>Http Proxy Username</key>
<value>
    <name>Http Proxy Username</name>
</value>
                            </entry>
                            <entry>
<key>Http Proxy Password</key>
<value>
    <name>Http Proxy Password</name>
</value>
                            </entry>
                        </descriptors>
                        <executionNode>ALL</executionNode>
                        <lossTolerant>false</lossTolerant>
                        <penaltyDuration>30 sec</penaltyDuration>
                        <properties>
                            <entry>
<key>Hostname</key>
<value>192.168.0.102</value>
                            </entry>
                            <entry>
<key>Port</key>
<value>22</value>
                            </entry>
                            <entry>
<key>Username</key>
<value>shruthi.i</value>
                            </entry>
                            <entry>
<key>Password</key>
                            </entry>
                            <entry>
<key>Private Key Path</key>
                            </entry>
                            <entry>
<key>Private Key Passphrase</key>
                            </entry>
                            <entry>
<key>Remote Path</key>
<value>/tmp/new/</value>
                            </entry>
                            <entry>
<key>Create Directory</key>
<value>true</value>
                            </entry>
                            <entry>
<key>Disable Directory Listing</key>
<value>false</value>
                            </entry>
                            <entry>
<key>Batch Size</key>
<value>500</value>
                            </entry>
                            <entry>
<key>Connection Timeout</key>
<value>30 sec</value>
                            </entry>
                            <entry>
<key>Data Timeout</key>
<value>30 sec</value>
                            </entry>
                            <entry>
<key>Conflict Resolution</key>
<value>NONE</value>
                            </entry>
                            <entry>
<key>Reject Zero-Byte Files</key>
<value>true</value>
                            </entry>
                            <entry>
<key>Dot Rename</key>
<value>true</value>
                            </entry>
                            <entry>
<key>Temporary Filename</key>
                            </entry>
                            <entry>
<key>Host Key File</key>
                            </entry>
                            <entry>
<key>Last Modified Time</key>
                            </entry>
                            <entry>
<key>Permissions</key>
                            </entry>
                            <entry>
<key>Remote Owner</key>
                            </entry>
                            <entry>
<key>Remote Group</key>
                            </entry>
                            <entry>
<key>Strict Host Key Checking</key>
<value>false</value>
                            </entry>
                            <entry>
<key>Send Keep Alive On Timeout</key>
<value>true</value>
                            </entry>
                            <entry>
<key>Use Compression</key>
<value>false</value>
                            </entry>
                            <entry>
<key>proxy-configuration-service</key>
                            </entry>
                            <entry>
<key>Proxy Type</key>
<value>DIRECT</value>
                            </entry>
                            <entry>
<key>Proxy Host</key>
                            </entry>
                            <entry>
<key>Proxy Port</key>
                            </entry>
                            <entry>
<key>Http Proxy Username</key>
                            </entry>
                            <entry>
<key>Http Proxy Password</key>
                            </entry>
                        </properties>
                        <runDurationMillis>0</runDurationMillis>
                        <schedulingPeriod>0 sec</schedulingPeriod>
                        <schedulingStrategy>TIMER_DRIVEN</schedulingStrategy>
                        <yieldDuration>1 sec</yieldDuration>
                    </config>
                    <executionNodeRestricted>false</executionNodeRestricted>
                    <name>PutSFTP</name>
                    <relationships>
                        <autoTerminate>true</autoTerminate>
                        <name>failure</name>
                    </relationships>
                    <relationships>
                        <autoTerminate>true</autoTerminate>
                        <name>reject</name>
                    </relationships>
                    <relationships>
                        <autoTerminate>true</autoTerminate>
                        <name>success</name>
                    </relationships>
                    <state>STOPPED</state>
                    <style/>
                    <type>org.apache.nifi.processors.standard.PutSFTP</type>
                </processors>
                <processors>
                    <id>e3fb1a76-0e38-3a12-0000-000000000000</id>
                    <parentGroupId>9e301708-56fe-3b0e-0000-000000000000</parentGroupId>
                    <position>
                        <x>224.0</x>
                        <y>-16.0</y>
                    </position>
                    <bundle>
                        <artifact>nifi-standard-nar</artifact>
                        <group>org.apache.nifi</group>
                        <version>1.11.4</version>
                    </bundle>
                    <config>
                        <bulletinLevel>WARN</bulletinLevel>
                        <comments></comments>
                        <concurrentlySchedulableTaskCount>1</concurrentlySchedulableTaskCount>
                        <descriptors>
                            <entry>
<key>Hostname</key>
<value>
    <name>Hostname</name>
</value>
                            </entry>
                            <entry>
<key>Port</key>
<value>
    <name>Port</name>
</value>
                            </entry>
                            <entry>
<key>Username</key>
<value>
    <name>Username</name>
</value>
                            </entry>
                            <entry>
<key>Password</key>
<value>
    <name>Password</name>
</value>
                            </entry>
                            <entry>
<key>Private Key Path</key>
<value>
    <name>Private Key Path</name>
</value>
                            </entry>
                            <entry>
<key>Private Key Passphrase</key>
<value>
    <name>Private Key Passphrase</name>
</value>
                            </entry>
                            <entry>
<key>Remote Path</key>
<value>
    <name>Remote Path</name>
</value>
                            </entry>
                            <entry>
<key>File Filter Regex</key>
<value>
    <name>File Filter Regex</name>
</value>
                            </entry>
                            <entry>
<key>Path Filter Regex</key>
<value>
    <name>Path Filter Regex</name>
</value>
                            </entry>
                            <entry>
<key>Polling Interval</key>
<value>
    <name>Polling Interval</name>
</value>
                            </entry>
                            <entry>
<key>Search Recursively</key>
<value>
    <name>Search Recursively</name>
</value>
                            </entry>
                            <entry>
<key>follow-symlink</key>
<value>
    <name>follow-symlink</name>
</value>
                            </entry>
                            <entry>
<key>Ignore Dotted Files</key>
<value>
    <name>Ignore Dotted Files</name>
</value>
                            </entry>
                            <entry>
<key>Delete Original</key>
<value>
    <name>Delete Original</name>
</value>
                            </entry>
                            <entry>
<key>Connection Timeout</key>
<value>
    <name>Connection Timeout</name>
</value>
                            </entry>
                            <entry>
<key>Data Timeout</key>
<value>
    <name>Data Timeout</name>
</value>
                            </entry>
                            <entry>
<key>Host Key File</key>
<value>
    <name>Host Key File</name>
</value>
                            </entry>
                            <entry>
<key>Max Selects</key>
<value>
    <name>Max Selects</name>
</value>
                            </entry>
                            <entry>
<key>Remote Poll Batch Size</key>
<value>
    <name>Remote Poll Batch Size</name>
</value>
                            </entry>
                            <entry>
<key>Strict Host Key Checking</key>
<value>
    <name>Strict Host Key Checking</name>
</value>
                            </entry>
                            <entry>
<key>Send Keep Alive On Timeout</key>
<value>
    <name>Send Keep Alive On Timeout</name>
</value>
                            </entry>
                            <entry>
<key>Use Compression</key>
<value>
    <name>Use Compression</name>
</value>
                            </entry>
                            <entry>
<key>Use Natural Ordering</key>
<value>
    <name>Use Natural Ordering</name>
</value>
                            </entry>
                            <entry>
<key>proxy-configuration-service</key>
<value>
    <identifiesControllerService>org.apache.nifi.proxy.ProxyConfigurationService</identifiesControllerService>
    <name>proxy-configuration-service</name>
</value>
                            </entry>
                            <entry>
<key>Proxy Type</key>
<value>
    <name>Proxy Type</name>
</value>
                            </entry>
                            <entry>
<key>Proxy Host</key>
<value>
    <name>Proxy Host</name>
</value>
                            </entry>
                            <entry>
<key>Proxy Port</key>
<value>
    <name>Proxy Port</name>
</value>
                            </entry>
                            <entry>
<key>Http Proxy Username</key>
<value>
    <name>Http Proxy Username</name>
</value>
                            </entry>
                            <entry>
<key>Http Proxy Password</key>
<value>
    <name>Http Proxy Password</name>
</value>
                            </entry>
                        </descriptors>
                        <executionNode>ALL</executionNode>
                        <lossTolerant>false</lossTolerant>
                        <penaltyDuration>30 sec</penaltyDuration>
                        <properties>
                            <entry>
<key>Hostname</key>
<value>192.168.56.101</value>
                            </entry>
                            <entry>
<key>Port</key>
<value>22</value>
                            </entry>
                            <entry>
<key>Username</key>
<value>shruthi</value>
                            </entry>
                            <entry>
<key>Password</key>
                            </entry>
                            <entry>
<key>Private Key Path</key>
                            </entry>
                            <entry>
<key>Private Key Passphrase</key>
                            </entry>
                            <entry>
<key>Remote Path</key>
<value>/tmp/new/</value>
                            </entry>
                            <entry>
<key>File Filter Regex</key>
                            </entry>
                            <entry>
<key>Path Filter Regex</key>
                            </entry>
                            <entry>
<key>Polling Interval</key>
<value>60 sec</value>
                            </entry>
                            <entry>
<key>Search Recursively</key>
<value>false</value>
                            </entry>
                            <entry>
<key>follow-symlink</key>
<value>false</value>
                            </entry>
                            <entry>
<key>Ignore Dotted Files</key>
<value>true</value>
                            </entry>
                            <entry>
<key>Delete Original</key>
<value>true</value>
                            </entry>
                            <entry>
<key>Connection Timeout</key>
<value>30 sec</value>
                            </entry>
                            <entry>
<key>Data Timeout</key>
<value>30 sec</value>
                            </entry>
                            <entry>
<key>Host Key File</key>
                            </entry>
                            <entry>
<key>Max Selects</key>
<value>100</value>
                            </entry>
                            <entry>
<key>Remote Poll Batch Size</key>
<value>5000</value>
                            </entry>
                            <entry>
<key>Strict Host Key Checking</key>
<value>false</value>
                            </entry>
                            <entry>
<key>Send Keep Alive On Timeout</key>
<value>true</value>
                            </entry>
                            <entry>
<key>Use Compression</key>
<value>false</value>
                            </entry>
                            <entry>
<key>Use Natural Ordering</key>
<value>false</value>
                            </entry>
                            <entry>
<key>proxy-configuration-service</key>
                            </entry>
                            <entry>
<key>Proxy Type</key>
<value>DIRECT</value>
                            </entry>
                            <entry>
<key>Proxy Host</key>
                            </entry>
                            <entry>
<key>Proxy Port</key>
                            </entry>
                            <entry>
<key>Http Proxy Username</key>
                            </entry>
                            <entry>
<key>Http Proxy Password</key>
                            </entry>
                        </properties>
                        <runDurationMillis>0</runDurationMillis>
                        <schedulingPeriod>60 sec</schedulingPeriod>
                        <schedulingStrategy>TIMER_DRIVEN</schedulingStrategy>
                        <yieldDuration>1 sec</yieldDuration>
                    </config>
                    <executionNodeRestricted>false</executionNodeRestricted>
                    <name>GetSFTP</name>
                    <relationships>
                        <autoTerminate>false</autoTerminate>
                        <name>success</name>
                    </relationships>
                    <state>STOPPED</state>
                    <style/>
                    <type>org.apache.nifi.processors.standard.GetSFTP</type>
                </processors>
            </contents>
            <name>get and put from remote server</name>
            <variables/>
        </processGroups>
    </snippet>
    <timestamp>04/11/2020 18:59:10 IST</timestamp>
</template>
