<?xml version="1.0" encoding="UTF-8" standalone="yes"?>
<template encoding-version="1.3">
    <description></description>
    <groupId>0171109a-88e8-14ff-ca4f-9e0eb4f6755f</groupId>
    <name>SPLITEXT</name>
    <snippet>
        <processGroups>
            <id>0017b68b-c7a8-3377-0000-000000000000</id>
            <parentGroupId>ded4d299-f694-3e65-0000-000000000000</parentGroupId>
            <position>
                <x>0.0</x>
                <y>0.0</y>
            </position>
            <comments></comments>
            <contents>
                <connections>
                    <id>2937035d-9893-35f1-0000-000000000000</id>
                    <parentGroupId>0017b68b-c7a8-3377-0000-000000000000</parentGroupId>
                    <backPressureDataSizeThreshold>1 GB</backPressureDataSizeThreshold>
                    <backPressureObjectThreshold>10000</backPressureObjectThreshold>
                    <destination>
                        <groupId>0017b68b-c7a8-3377-0000-000000000000</groupId>
                        <id>792238f6-d341-31a2-0000-000000000000</id>
                        <type>PROCESSOR</type>
                    </destination>
                    <flowFileExpiration>0 sec</flowFileExpiration>
                    <labelIndex>1</labelIndex>
                    <loadBalanceCompression>DO_NOT_COMPRESS</loadBalanceCompression>
                    <loadBalancePartitionAttribute></loadBalancePartitionAttribute>
                    <loadBalanceStatus>LOAD_BALANCE_NOT_CONFIGURED</loadBalanceStatus>
                    <loadBalanceStrategy>DO_NOT_LOAD_BALANCE</loadBalanceStrategy>
                    <name></name>
                    <selectedRelationships>failure</selectedRelationships>
                    <selectedRelationships>original</selectedRelationships>
                    <source>
                        <groupId>0017b68b-c7a8-3377-0000-000000000000</groupId>
                        <id>d2c37ac8-6406-3447-0000-000000000000</id>
                        <type>PROCESSOR</type>
                    </source>
                    <zIndex>0</zIndex>
                </connections>
                <connections>
                    <id>6aed3fbb-019b-3a82-0000-000000000000</id>
                    <parentGroupId>0017b68b-c7a8-3377-0000-000000000000</parentGroupId>
                    <backPressureDataSizeThreshold>1 GB</backPressureDataSizeThreshold>
                    <backPressureObjectThreshold>10000</backPressureObjectThreshold>
                    <destination>
                        <groupId>0017b68b-c7a8-3377-0000-000000000000</groupId>
                        <id>792238f6-d341-31a2-0000-000000000000</id>
                        <type>PROCESSOR</type>
                    </destination>
                    <flowFileExpiration>0 sec</flowFileExpiration>
                    <labelIndex>1</labelIndex>
                    <loadBalanceCompression>DO_NOT_COMPRESS</loadBalanceCompression>
                    <loadBalancePartitionAttribute></loadBalancePartitionAttribute>
                    <loadBalanceStatus>LOAD_BALANCE_NOT_CONFIGURED</loadBalanceStatus>
                    <loadBalanceStrategy>DO_NOT_LOAD_BALANCE</loadBalanceStrategy>
                    <name></name>
                    <selectedRelationships>failure</selectedRelationships>
                    <source>
                        <groupId>0017b68b-c7a8-3377-0000-000000000000</groupId>
                        <id>ca2be5c8-4dc9-3e3b-0000-000000000000</id>
                        <type>PROCESSOR</type>
                    </source>
                    <zIndex>0</zIndex>
                </connections>
                <connections>
                    <id>96a8b15a-4d5f-3fb5-0000-000000000000</id>
                    <parentGroupId>0017b68b-c7a8-3377-0000-000000000000</parentGroupId>
                    <backPressureDataSizeThreshold>1 GB</backPressureDataSizeThreshold>
                    <backPressureObjectThreshold>10000</backPressureObjectThreshold>
                    <destination>
                        <groupId>0017b68b-c7a8-3377-0000-000000000000</groupId>
                        <id>d2c37ac8-6406-3447-0000-000000000000</id>
                        <type>PROCESSOR</type>
                    </destination>
                    <flowFileExpiration>0 sec</flowFileExpiration>
                    <labelIndex>1</labelIndex>
                    <loadBalanceCompression>DO_NOT_COMPRESS</loadBalanceCompression>
                    <loadBalancePartitionAttribute></loadBalancePartitionAttribute>
                    <loadBalanceStatus>LOAD_BALANCE_NOT_CONFIGURED</loadBalanceStatus>
                    <loadBalanceStrategy>DO_NOT_LOAD_BALANCE</loadBalanceStrategy>
                    <name></name>
                    <selectedRelationships>success</selectedRelationships>
                    <source>
                        <groupId>0017b68b-c7a8-3377-0000-000000000000</groupId>
                        <id>16a3672e-4cef-39bc-0000-000000000000</id>
                        <type>PROCESSOR</type>
                    </source>
                    <zIndex>0</zIndex>
                </connections>
                <connections>
                    <id>a99d3bc1-607c-3f50-0000-000000000000</id>
                    <parentGroupId>0017b68b-c7a8-3377-0000-000000000000</parentGroupId>
                    <backPressureDataSizeThreshold>1 GB</backPressureDataSizeThreshold>
                    <backPressureObjectThreshold>10000</backPressureObjectThreshold>
                    <destination>
                        <groupId>0017b68b-c7a8-3377-0000-000000000000</groupId>
                        <id>ca2be5c8-4dc9-3e3b-0000-000000000000</id>
                        <type>PROCESSOR</type>
                    </destination>
                    <flowFileExpiration>0 sec</flowFileExpiration>
                    <labelIndex>1</labelIndex>
                    <loadBalanceCompression>DO_NOT_COMPRESS</loadBalanceCompression>
                    <loadBalancePartitionAttribute></loadBalancePartitionAttribute>
                    <loadBalanceStatus>LOAD_BALANCE_NOT_CONFIGURED</loadBalanceStatus>
                    <loadBalanceStrategy>DO_NOT_LOAD_BALANCE</loadBalanceStrategy>
                    <name></name>
                    <selectedRelationships>success</selectedRelationships>
                    <source>
                        <groupId>0017b68b-c7a8-3377-0000-000000000000</groupId>
                        <id>94b09cbd-248e-318e-0000-000000000000</id>
                        <type>PROCESSOR</type>
                    </source>
                    <zIndex>0</zIndex>
                </connections>
                <connections>
                    <id>fedb79fa-63a4-39b0-0000-000000000000</id>
                    <parentGroupId>0017b68b-c7a8-3377-0000-000000000000</parentGroupId>
                    <backPressureDataSizeThreshold>1 GB</backPressureDataSizeThreshold>
                    <backPressureObjectThreshold>10000</backPressureObjectThreshold>
                    <destination>
                        <groupId>0017b68b-c7a8-3377-0000-000000000000</groupId>
                        <id>94b09cbd-248e-318e-0000-000000000000</id>
                        <type>PROCESSOR</type>
                    </destination>
                    <flowFileExpiration>0 sec</flowFileExpiration>
                    <labelIndex>1</labelIndex>
                    <loadBalanceCompression>DO_NOT_COMPRESS</loadBalanceCompression>
                    <loadBalancePartitionAttribute></loadBalancePartitionAttribute>
                    <loadBalanceStatus>LOAD_BALANCE_NOT_CONFIGURED</loadBalanceStatus>
                    <loadBalanceStrategy>DO_NOT_LOAD_BALANCE</loadBalanceStrategy>
                    <name></name>
                    <selectedRelationships>splits</selectedRelationships>
                    <source>
                        <groupId>0017b68b-c7a8-3377-0000-000000000000</groupId>
                        <id>d2c37ac8-6406-3447-0000-000000000000</id>
                        <type>PROCESSOR</type>
                    </source>
                    <zIndex>0</zIndex>
                </connections>
                <processors>
                    <id>16a3672e-4cef-39bc-0000-000000000000</id>
                    <parentGroupId>0017b68b-c7a8-3377-0000-000000000000</parentGroupId>
                    <position>
                        <x>232.0</x>
                        <y>16.0</y>
                    </position>
                    <bundle>
                        <artifact>nifi-standard-nar</artifact>
                        <group>org.apache.nifi</group>
                        <version>1.11.4</version>
                    </bundle>
                    <config>
                        <bulletinLevel>WARN</bulletinLevel>
                        <comments></comments>
                        <concurrentlySchedulableTaskCount>1</concurrentlySchedulableTaskCount>
                        <descriptors>
                            <entry>
<key>Input Directory</key>
<value>
    <name>Input Directory</name>
</value>
                            </entry>
                            <entry>
<key>File Filter</key>
<value>
    <name>File Filter</name>
</value>
                            </entry>
                            <entry>
<key>Path Filter</key>
<value>
    <name>Path Filter</name>
</value>
                            </entry>
                            <entry>
<key>Batch Size</key>
<value>
    <name>Batch Size</name>
</value>
                            </entry>
                            <entry>
<key>Keep Source File</key>
<value>
    <name>Keep Source File</name>
</value>
                            </entry>
                            <entry>
<key>Recurse Subdirectories</key>
<value>
    <name>Recurse Subdirectories</name>
</value>
                            </entry>
                            <entry>
<key>Polling Interval</key>
<value>
    <name>Polling Interval</name>
</value>
                            </entry>
                            <entry>
<key>Ignore Hidden Files</key>
<value>
    <name>Ignore Hidden Files</name>
</value>
                            </entry>
                            <entry>
<key>Minimum File Age</key>
<value>
    <name>Minimum File Age</name>
</value>
                            </entry>
                            <entry>
<key>Maximum File Age</key>
<value>
    <name>Maximum File Age</name>
</value>
                            </entry>
                            <entry>
<key>Minimum File Size</key>
<value>
    <name>Minimum File Size</name>
</value>
                            </entry>
                            <entry>
<key>Maximum File Size</key>
<value>
    <name>Maximum File Size</name>
</value>
                            </entry>
                        </descriptors>
                        <executionNode>ALL</executionNode>
                        <lossTolerant>false</lossTolerant>
                        <penaltyDuration>30 sec</penaltyDuration>
                        <properties>
                            <entry>
<key>Input Directory</key>
<value>/Users/shruthi.i/Downloads/Input</value>
                            </entry>
                            <entry>
<key>File Filter</key>
<value>em.csv</value>
                            </entry>
                            <entry>
<key>Path Filter</key>
                            </entry>
                            <entry>
<key>Batch Size</key>
<value>10</value>
                            </entry>
                            <entry>
<key>Keep Source File</key>
<value>true</value>
                            </entry>
                            <entry>
<key>Recurse Subdirectories</key>
<value>true</value>
                            </entry>
                            <entry>
<key>Polling Interval</key>
<value>0 sec</value>
                            </entry>
                            <entry>
<key>Ignore Hidden Files</key>
<value>true</value>
                            </entry>
                            <entry>
<key>Minimum File Age</key>
<value>0 sec</value>
                            </entry>
                            <entry>
<key>Maximum File Age</key>
                            </entry>
                            <entry>
<key>Minimum File Size</key>
<value>0 B</value>
                            </entry>
                            <entry>
<key>Maximum File Size</key>
                            </entry>
                        </properties>
                        <runDurationMillis>0</runDurationMillis>
                        <schedulingPeriod>5 sec</schedulingPeriod>
                        <schedulingStrategy>TIMER_DRIVEN</schedulingStrategy>
                        <yieldDuration>1 sec</yieldDuration>
                    </config>
                    <executionNodeRestricted>false</executionNodeRestricted>
                    <name>GetFile</name>
                    <relationships>
                        <autoTerminate>false</autoTerminate>
                        <name>success</name>
                    </relationships>
                    <state>STOPPED</state>
                    <style/>
                    <type>org.apache.nifi.processors.standard.GetFile</type>
                </processors>
                <processors>
                    <id>792238f6-d341-31a2-0000-000000000000</id>
                    <parentGroupId>0017b68b-c7a8-3377-0000-000000000000</parentGroupId>
                    <position>
                        <x>712.0</x>
                        <y>496.0</y>
                    </position>
                    <bundle>
                        <artifact>nifi-standard-nar</artifact>
                        <group>org.apache.nifi</group>
                        <version>1.11.4</version>
                    </bundle>
                    <config>
                        <bulletinLevel>WARN</bulletinLevel>
                        <comments></comments>
                        <concurrentlySchedulableTaskCount>1</concurrentlySchedulableTaskCount>
                        <descriptors>
                            <entry>
<key>Log Level</key>
<value>
    <name>Log Level</name>
</value>
                            </entry>
                            <entry>
<key>Log Payload</key>
<value>
    <name>Log Payload</name>
</value>
                            </entry>
                            <entry>
<key>Attributes to Log</key>
<value>
    <name>Attributes to Log</name>
</value>
                            </entry>
                            <entry>
<key>attributes-to-log-regex</key>
<value>
    <name>attributes-to-log-regex</name>
</value>
                            </entry>
                            <entry>
<key>Attributes to Ignore</key>
<value>
    <name>Attributes to Ignore</name>
</value>
                            </entry>
                            <entry>
<key>attributes-to-ignore-regex</key>
<value>
    <name>attributes-to-ignore-regex</name>
</value>
                            </entry>
                            <entry>
<key>Log prefix</key>
<value>
    <name>Log prefix</name>
</value>
                            </entry>
                            <entry>
<key>character-set</key>
<value>
    <name>character-set</name>
</value>
                            </entry>
                        </descriptors>
                        <executionNode>ALL</executionNode>
                        <lossTolerant>false</lossTolerant>
                        <penaltyDuration>30 sec</penaltyDuration>
                        <properties>
                            <entry>
<key>Log Level</key>
<value>info</value>
                            </entry>
                            <entry>
<key>Log Payload</key>
<value>false</value>
                            </entry>
                            <entry>
<key>Attributes to Log</key>
                            </entry>
                            <entry>
<key>attributes-to-log-regex</key>
<value>.*</value>
                            </entry>
                            <entry>
<key>Attributes to Ignore</key>
                            </entry>
                            <entry>
<key>attributes-to-ignore-regex</key>
                            </entry>
                            <entry>
<key>Log prefix</key>
                            </entry>
                            <entry>
<key>character-set</key>
<value>UTF-8</value>
                            </entry>
                        </properties>
                        <runDurationMillis>0</runDurationMillis>
                        <schedulingPeriod>0 sec</schedulingPeriod>
                        <schedulingStrategy>TIMER_DRIVEN</schedulingStrategy>
                        <yieldDuration>1 sec</yieldDuration>
                    </config>
                    <executionNodeRestricted>false</executionNodeRestricted>
                    <name>LogAttribute</name>
                    <relationships>
                        <autoTerminate>true</autoTerminate>
                        <name>success</name>
                    </relationships>
                    <state>STOPPED</state>
                    <style/>
                    <type>org.apache.nifi.processors.standard.LogAttribute</type>
                </processors>
                <processors>
                    <id>94b09cbd-248e-318e-0000-000000000000</id>
                    <parentGroupId>0017b68b-c7a8-3377-0000-000000000000</parentGroupId>
                    <position>
                        <x>712.0</x>
                        <y>-24.0</y>
                    </position>
                    <bundle>
                        <artifact>nifi-update-attribute-nar</artifact>
                        <group>org.apache.nifi</group>
                        <version>1.11.4</version>
                    </bundle>
                    <config>
                        <bulletinLevel>WARN</bulletinLevel>
                        <comments></comments>
                        <concurrentlySchedulableTaskCount>1</concurrentlySchedulableTaskCount>
                        <descriptors>
                            <entry>
<key>Delete Attributes Expression</key>
<value>
    <name>Delete Attributes Expression</name>
</value>
                            </entry>
                            <entry>
<key>Store State</key>
<value>
    <name>Store State</name>
</value>
                            </entry>
                            <entry>
<key>Stateful Variables Initial Value</key>
<value>
    <name>Stateful Variables Initial Value</name>
</value>
                            </entry>
                            <entry>
<key>canonical-value-lookup-cache-size</key>
<value>
    <name>canonical-value-lookup-cache-size</name>
</value>
                            </entry>
                            <entry>
<key>filename</key>
<value>
    <name>filename</name>
</value>
                            </entry>
                        </descriptors>
                        <executionNode>ALL</executionNode>
                        <lossTolerant>false</lossTolerant>
                        <penaltyDuration>30 sec</penaltyDuration>
                        <properties>
                            <entry>
<key>Delete Attributes Expression</key>
                            </entry>
                            <entry>
<key>Store State</key>
<value>Do not store state</value>
                            </entry>
                            <entry>
<key>Stateful Variables Initial Value</key>
                            </entry>
                            <entry>
<key>canonical-value-lookup-cache-size</key>
<value>100</value>
                            </entry>
                            <entry>
<key>filename</key>
<value>${filename}-${random():mod(10):plus(1)}</value>
                            </entry>
                        </properties>
                        <runDurationMillis>0</runDurationMillis>
                        <schedulingPeriod>0 sec</schedulingPeriod>
                        <schedulingStrategy>TIMER_DRIVEN</schedulingStrategy>
                        <yieldDuration>1 sec</yieldDuration>
                    </config>
                    <executionNodeRestricted>false</executionNodeRestricted>
                    <name>UpdateAttribute</name>
                    <relationships>
                        <autoTerminate>false</autoTerminate>
                        <name>success</name>
                    </relationships>
                    <state>STOPPED</state>
                    <style/>
                    <type>org.apache.nifi.processors.attributes.UpdateAttribute</type>
                </processors>
                <processors>
                    <id>ca2be5c8-4dc9-3e3b-0000-000000000000</id>
                    <parentGroupId>0017b68b-c7a8-3377-0000-000000000000</parentGroupId>
                    <position>
                        <x>1056.0</x>
                        <y>304.0</y>
                    </position>
                    <bundle>
                        <artifact>nifi-standard-nar</artifact>
                        <group>org.apache.nifi</group>
                        <version>1.11.4</version>
                    </bundle>
                    <config>
                        <bulletinLevel>WARN</bulletinLevel>
                        <comments></comments>
                        <concurrentlySchedulableTaskCount>1</concurrentlySchedulableTaskCount>
                        <descriptors>
                            <entry>
<key>Directory</key>
<value>
    <name>Directory</name>
</value>
                            </entry>
                            <entry>
<key>Conflict Resolution Strategy</key>
<value>
    <name>Conflict Resolution Strategy</name>
</value>
                            </entry>
                            <entry>
<key>Create Missing Directories</key>
<value>
    <name>Create Missing Directories</name>
</value>
                            </entry>
                            <entry>
<key>Maximum File Count</key>
<value>
    <name>Maximum File Count</name>
</value>
                            </entry>
                            <entry>
<key>Last Modified Time</key>
<value>
    <name>Last Modified Time</name>
</value>
                            </entry>
                            <entry>
<key>Permissions</key>
<value>
    <name>Permissions</name>
</value>
                            </entry>
                            <entry>
<key>Owner</key>
<value>
    <name>Owner</name>
</value>
                            </entry>
                            <entry>
<key>Group</key>
<value>
    <name>Group</name>
</value>
                            </entry>
                        </descriptors>
                        <executionNode>ALL</executionNode>
                        <lossTolerant>false</lossTolerant>
                        <penaltyDuration>30 sec</penaltyDuration>
                        <properties>
                            <entry>
<key>Directory</key>
<value>/Users/shruthi.i/Downloads/Output/</value>
                            </entry>
                            <entry>
<key>Conflict Resolution Strategy</key>
<value>ignore</value>
                            </entry>
                            <entry>
<key>Create Missing Directories</key>
<value>true</value>
                            </entry>
                            <entry>
<key>Maximum File Count</key>
                            </entry>
                            <entry>
<key>Last Modified Time</key>
                            </entry>
                            <entry>
<key>Permissions</key>
                            </entry>
                            <entry>
<key>Owner</key>
                            </entry>
                            <entry>
<key>Group</key>
                            </entry>
                        </properties>
                        <runDurationMillis>0</runDurationMillis>
                        <schedulingPeriod>0 sec</schedulingPeriod>
                        <schedulingStrategy>TIMER_DRIVEN</schedulingStrategy>
                        <yieldDuration>1 sec</yieldDuration>
                    </config>
                    <executionNodeRestricted>false</executionNodeRestricted>
                    <name>PutFile</name>
                    <relationships>
                        <autoTerminate>false</autoTerminate>
                        <name>failure</name>
                    </relationships>
                    <relationships>
                        <autoTerminate>true</autoTerminate>
                        <name>success</name>
                    </relationships>
                    <state>STOPPED</state>
                    <style/>
                    <type>org.apache.nifi.processors.standard.PutFile</type>
                </processors>
                <processors>
                    <id>d2c37ac8-6406-3447-0000-000000000000</id>
                    <parentGroupId>0017b68b-c7a8-3377-0000-000000000000</parentGroupId>
                    <position>
                        <x>208.0</x>
                        <y>280.0</y>
                    </position>
                    <bundle>
                        <artifact>nifi-standard-nar</artifact>
                        <group>org.apache.nifi</group>
                        <version>1.11.4</version>
                    </bundle>
                    <config>
                        <bulletinLevel>WARN</bulletinLevel>
                        <comments></comments>
                        <concurrentlySchedulableTaskCount>1</concurrentlySchedulableTaskCount>
                        <descriptors>
                            <entry>
<key>Line Split Count</key>
<value>
    <name>Line Split Count</name>
</value>
                            </entry>
                            <entry>
<key>Maximum Fragment Size</key>
<value>
    <name>Maximum Fragment Size</name>
</value>
                            </entry>
                            <entry>
<key>Header Line Count</key>
<value>
    <name>Header Line Count</name>
</value>
                            </entry>
                            <entry>
<key>Header Line Marker Characters</key>
<value>
    <name>Header Line Marker Characters</name>
</value>
                            </entry>
                            <entry>
<key>Remove Trailing Newlines</key>
<value>
    <name>Remove Trailing Newlines</name>
</value>
                            </entry>
                        </descriptors>
                        <executionNode>ALL</executionNode>
                        <lossTolerant>false</lossTolerant>
                        <penaltyDuration>30 sec</penaltyDuration>
                        <properties>
                            <entry>
<key>Line Split Count</key>
<value>3</value>
                            </entry>
                            <entry>
<key>Maximum Fragment Size</key>
<value>5MB</value>
                            </entry>
                            <entry>
<key>Header Line Count</key>
<value>1</value>
                            </entry>
                            <entry>
<key>Header Line Marker Characters</key>
                            </entry>
                            <entry>
<key>Remove Trailing Newlines</key>
<value>true</value>
                            </entry>
                        </properties>
                        <runDurationMillis>0</runDurationMillis>
                        <schedulingPeriod>0 sec</schedulingPeriod>
                        <schedulingStrategy>TIMER_DRIVEN</schedulingStrategy>
                        <yieldDuration>1 sec</yieldDuration>
                    </config>
                    <executionNodeRestricted>false</executionNodeRestricted>
                    <name>SplitText</name>
                    <relationships>
                        <autoTerminate>false</autoTerminate>
                        <name>failure</name>
                    </relationships>
                    <relationships>
                        <autoTerminate>false</autoTerminate>
                        <name>original</name>
                    </relationships>
                    <relationships>
                        <autoTerminate>false</autoTerminate>
                        <name>splits</name>
                    </relationships>
                    <state>STOPPED</state>
                    <style/>
                    <type>org.apache.nifi.processors.standard.SplitText</type>
                </processors>
            </contents>
            <name>SPLITTEXT</name>
            <variables/>
        </processGroups>
    </snippet>
    <timestamp>04/11/2020 22:51:31 IST</timestamp>
</template>
